vdsat X,vdsat Y,vth X,vth Y,cdd X,cdd Y,gmoverid X,gmoverid Y,cdb X,cdb Y,csb X,csb Y,cgd X,cgd Y,cgs X,cgs Y,id X,id Y,gds X,gds Y,gm X,gm Y
0,0.05224883928062981,0,0.5736275779256892,0,1.070172137399766e-15,0,27.18692976214533,0,-1.432370896266045e-20,0,-1.250526153670485e-18,0,-1.069701929916068e-15,0,-1.087668601877568e-15,0,2.006033394273706e-10,0,6.194814342411616e-10,0,5.452718403180483e-09
0.005,0.05224886508851712,0.005,0.5736275779256892,0.005,1.070394955781151e-15,0.005,27.18483081360574,0.005,-1.477378562645398e-20,0.005,-1.289604639647673e-18,0.005,-1.069913405501842e-15,0.005,-1.088019517306455e-15,0.005,2.298037486194853e-10,0.005,7.096497830253824e-10,0.005,6.246157771180306e-09
0.01,0.05224889465149601,0.01,0.5736275779256892,0.01,1.070619672280608e-15,0.01,27.18257173350141,0.01,-1.523605783218189e-20,0.01,-1.329726884087236e-18,0.01,-1.070126737800363e-15,0.01,-1.088365431585085e-15,0.01,2.632532346044437e-10,0.01,8.129311706530417e-10,0.01,7.154932459058673e-09
0.015,0.05224892851534286,0.015,0.5736275779256892,0.015,1.070846227574357e-15,0.015,27.18014000728019,0.015,-1.571108284460289e-20,0.015,-1.370940059103167e-18,0.015,-1.070341870696079e-15,0.015,-1.088706139044829e-15,0.015,3.015693736001025e-10,0.015,9.312299478612572e-10,0.015,8.195779656137465e-09
0.02,0.05224896730501901,0.02,0.5736275779256892,0.02,1.071074556690459e-15,0.02,27.17752213179772,0.02,-1.619947225614081e-20,0.02,-1.413295968373357e-18,0.02,-1.070558741248078e-15,0.02,-1.089041465253376e-15,0.02,3.454593474920482e-10,0.02,1.066726403362221e-09,0.02,9.387858823438342e-09
0.025,0.05224901173612662,0.025,0.5736275779256892,0.025,1.071304588867423e-15,0.025,27.1747035378208,0.025,-1.670189728040861e-20,0.025,-1.4568514974728e-18,0.025,-1.070777279336132e-15,0.025,-1.089371271103377e-15,0.025,3.957329082426687e-10,0.025,1.221916600593475e-09,0.025,1.075310070500922e-08
0.03,0.05224906262801392,0.03,0.5736275779256892,0.03,1.071536247434143e-15,0.03,27.17166850669765,0.03,-1.721909456257282e-20,0.03,-1.501669107839647e-18,0.03,-1.070997407301797e-15,0.03,-1.089695457327258e-15,0.03,4.533172094011443e-10,0.03,1.399657931197311e-09,0.03,1.231660626132611e-08
0.035,0.05224912091876577,0.035,0.5736275779256892,0.035,1.071769449714432e-15,0.035,27.16840008079345,0.035,-1.775187256227826e-20,0.035,-1.547817378869714e-18,0.035,-1.071219039584796e-15,0.035,-1.090013969498254e-15,0.035,5.192737715770726e-10,0.035,1.603221197481412e-09,0.035,1.410710257943364e-08
0.04,0.05224918768234835,0.04,0.5736275779256892,0.04,1.072004106959551e-15,0.04,27.16487996727491,0.04,-1.830111856611397e-20,0.04,-1.595371603043226e-18,0.04,-1.071442082354755e-15,0.04,-1.090326803584409e-15,0.04,5.948178864031934e-10,0.04,1.836350149602229e-09,0.04,1.615746379104389e-08
0.045,0.05224926414821464,0.045,0.5736275779256892,0.045,1.07224012431218e-15,0.045,27.16108843482976,0.045,-1.886780639602963e-20,0.045,-1.644414439430139e-18,0.045,-1.071666433138087e-15,0.045,-1.090634012129252e-15,0.045,6.813408063765633e-10,0.045,2.103329532102666e-09,0.045,1.850530613670913e-08
0.05,0.05224935172372054,0.05,0.5736275779256892,0.05,1.07247740080536e-15,0.05,27.15700420286072,0.05,-1.94530048832778e-20,0.05,-1.6950366314028e-18,0.05,-1.071891980439509e-15,0.05,-1.090935711140383e-15,0.05,7.804351167268834e-10,0.05,2.409062840715472e-09,0.05,2.119366756770391e-08
0.05499999999999999,0.05224945201975011,0.05499999999999999,0.5736275779256892,0.05499999999999999,1.072715829399877e-15,0.05499999999999999,27.15260432270659,0.05499999999999999,-2.005788718413767e-20,0.05499999999999999,-1.747337794909476e-18,0.05499999999999999,-1.07211860335728e-15,0.05499999999999999,-1.091232087775184e-15,0.05499999999999999,8.939237408884862e-10,0.05499999999999999,2.759161156214817e-09,0.05499999999999999,2.427178369532399e-08
0.05999999999999999,0.05224956688000407,0.05999999999999999,0.5736275779256892,0.05999999999999999,1.072955297063533e-15,0.05999999999999999,27.14786405040883,0.05999999999999999,-2.06837410252447e-20,0.05999999999999999,-1.801427284235395e-18,0.05999999999999999,-1.072346171190721e-15,0.05999999999999999,-1.091523408921446e-15,0.05999999999999999,1.023893094124789e-09,0.05999999999999999,3.160044610032317e-09,0.05999999999999999,2.779597349984884e-08
0.06499999999999999,0.05224969841446862,0.06499999999999999,0.5736275779256892,0.06499999999999999,1.073195684895602e-15,0.06499999999999999,27.14275671055664,0.06499999999999999,-2.133197996501938e-20,0.06499999999999999,-1.857425142803244e-18,0.06499999999999999,-1.072574543038025e-15,0.06499999999999999,-1.091810030779908e-15,0.06499999999999999,1.172730971341548e-09,0.06499999999999999,3.619058249067784e-09,0.06499999999999999,3.183065002015522e-08
0.06999999999999999,0.05224984903765315,0.06999999999999999,0.5736275779256892,0.06999999999999999,1.073436868299584e-15,0.06999999999999999,27.13725355071271,0.06999999999999999,-2.200415577895211e-20,0.06999999999999999,-1.915463147247559e-18,0.06999999999999999,-1.072803567381626e-15,0.06999999999999999,-1.092092409565598e-15,0.06999999999999999,1.34316983622406e-09,0.06999999999999999,4.144604307653382e-09,0.06999999999999999,3.644947328387209e-08
0.075,0.05225002151226597,0.075,0.5736275779256892,0.075,1.073678717207114e-15,0.075,27.1313235859486,0.075,-2.27019720726658e-20,0.075,-1.975685953742744e-18,0.075,-1.073033081657569e-15,0.075,-1.092371113455593e-15,0.075,1.538336270749882e-09,0.075,4.746293166278271e-09,0.075,4.173666503285773e-08
0.08,0.05225021899908933,0.08,0.5736275779256892,0.08,1.073921096355552e-15,0.08,27.12493343299807,0.08,-2.342729925022373e-20,0.08,-2.038252356375971e-18,0.08,-1.073262911804412e-15,0.08,-1.092646835922362e-15,0.08,1.761807448221157e-09,0.08,5.435115583119705e-09,0.08,4.778850737787889e-08
0.08500000000000001,0.05225044511391769,0.08500000000000001,0.5736275779256892,0.08500000000000001,1.074163865621371e-15,0.08500000000000001,27.11804713357366,0.08500000000000001,-2.418219096390361e-20,0.08500000000000001,-2.103336668240232e-18,0.08500000000000001,-1.073492871786066e-15,0.08500000000000001,-1.092920410604384e-15,0.08500000000000001,2.017675610714048e-09,0.08500000000000001,6.223639129614363e-09,0.08500000000000001,5.471505040964114e-08
0.09000000000000001,0.05225070399254096,0.09000000000000001,0.5736275779256892,0.09000000000000001,1.074406880410982e-15,0.09000000000000001,27.11062596640593,0.09000000000000001,-2.496890219608471e-20,0.09000000000000001,-2.171130236881087e-18,0.09000000000000001,-1.073722763081799e-15,0.09000000000000001,-1.093192827879271e-15,0.09000000000000001,2.310621664914397e-09,0.09000000000000001,7.126232149581333e-09,0.09000000000000001,6.264205703294021e-08
0.09500000000000001,0.05225100036488533,0.09500000000000001,0.5736275779256892,0.09500000000000001,1.07464999211011e-15,0.09500000000000001,27.10262824758465,0.09500000000000001,-2.578990912882409e-20,0.09500000000000001,-2.241843106766849e-18,0.09500000000000001,-1.073952374135286e-15,0.09500000000000001,-1.093465253319226e-15,0.09500000000000001,2.645999160513171e-09,0.09500000000000001,8.159318997439402e-09,0.09500000000000001,7.171321691043522e-08
0.1,0.05225133963957313,0.1,0.5736275779256892,0.1,1.074893048592203e-15,0.1,27.09400911886036,0.1,-2.664793097592533e-20,0.1,-2.315705842566075e-18,0.1,-1.074181479753117e-15,0.1,-1.09373904822445e-15,0.1,3.029930084647775e-09,0.1,9.341670799810689e-09,0.1,8.20926654373081e-08
0.105,0.05225172800032978,0.105,0.5736275779256892,0.105,1.075135894785715e-15,0.105,27.0847203235924,0.105,-2.754595396749668e-20,0.105,-2.392971528206173e-18,0.105,-1.074409840441584e-15,0.105,-1.094015792446933e-15,0.105,3.469414096480134e-09,0.105,1.069473653161571e-08,0.105,9.396784815410693e-08
0.11,0.0522521725158531,0.11,0.5736275779256892,0.11,1.075378373299384e-15,0.11,27.07470997013349,0.11,-2.848725769512931e-20,0.11,-2.473917957946016e-18,0.11,-1.074637201668902e-15,0.11,-1.094297309735068e-15,0.11,3.972453040221628e-09,0.11,1.224301980814652e-08,0.11,1.07552775978012e-07
0.115,0.05225268126496961,0.115,0.5736275779256892,0.115,1.075620325103918e-15,0.115,27.06392228253394,0.115,-2.94754440432704e-20,0.115,-2.5588500370129e-18,0.115,-1.074863293038204e-15,0.115,-1.09458569584847e-15,0.115,4.548192815285223e-09,0.115,1.401450747434929e-08,0.115,1.230917221279312e-07
0.12,0.05225326347913684,0.12,0.5736275779256892,0.12,1.075861590267715e-15,0.12,27.05229733857955,0.12,-3.051446895229541e-20,0.12,-2.648102410710098e-18,0.12,-1.075087827354857e-15,0.12,-1.094883349712124e-15,0.12,5.207084951449124e-09,0.12,1.604115682749494e-08,0.12,1.408634176689149e-07
0.125,0.05225392970461126,0.125,0.5736275779256892,0.125,1.076102008743554e-15,0.125,27.03977079532409,0.125,-3.160867727988922e-20,0.125,-2.742042342267785e-18,0.125,-1.07531049956974e-15,0.125,-1.09519300789925e-15,0.125,5.961070537806656e-09,0.125,1.835944914542649e-08,0.125,1.611858092354022e-07
0.13,0.0522546919797119,0.13,0.5736275779256892,0.13,1.076341421114042e-15,0.13,27.02492172140693,0.13,-3.276283059753891e-20,0.13,-2.841071964529846e-18,0.13,-1.075530985662469e-15,0.13,-1.095491811362567e-15,0.13,6.823781363598757e-09,0.13,2.101099314440515e-08,0.13,1.844120051787508e-07
0.135,0.05225556395938621,0.135,0.5736275779256892,0.135,1.076579668558239e-15,0.135,27.00654854061716,0.135,-3.39820386289357e-20,0.135,-2.945622250934641e-18,0.135,-1.07574894223357e-15,0.135,-1.095761804989333e-15,0.135,7.810681578207843e-09,0.135,2.404294217708538e-08,0.135,2.109394178481472e-07
0.14,0.05225656126782947,0.14,0.5736275779256892,0.14,1.076816595391132e-15,0.14,26.98706008036477,0.14,-3.527199304789009e-20,0.14,-3.056172898437245e-18,0.14,-1.075964003568234e-15,0.14,-1.096054830684609e-15,0.14,8.939467664144626e-09,0.14,2.750920087782244e-08,0.14,2.41249835202761e-07
0.145,0.0522577017517576,0.145,0.5736275779256892,0.145,1.077052049650148e-15,0.145,26.966372415913,0.145,-3.663897881864644e-20,0.145,-3.173253073410223e-18,0.145,-1.076175780135412e-15,0.145,-1.096375363146665e-15,0.145,1.02303562711644e-08,0.145,3.147128122422991e-08,0.145,2.758754979383395e-07
0.15,0.0522590057620358,0.15,0.5736275779256892,0.15,1.077285883776504e-15,0.15,26.94439579701912,0.15,-3.808989489582194e-20,0.15,-3.297442932356603e-18,0.15,-1.07638385687416e-15,0.15,-1.096728441476642e-15,0.15,1.170640450252428e-08,0.15,3.599925163775214e-08,0.15,3.154219125240572e-07
0.1550000000000001,0.05226049649659221,0.1550000000000001,0.5736275779256892,0.1550000000000001,1.07751795560357e-15,0.1550000000000001,26.92103432917236,0.1550000000000001,-3.963231335084454e-20,0.1550000000000001,-3.429378395272371e-18,0.1550000000000001,-1.07658779096158e-15,0.1550000000000001,-1.097119729379271e-15,0.1550000000000001,1.339390004252899e-08,0.1550000000000001,4.11728923312576e-08,0.1550000000000001,3.605775735290246e-07
0.1600000000000001,0.05226220038834713,0.1600000000000001,0.5736275779256892,0.1600000000000001,1.077748129358048e-15,0.1600000000000001,26.89618565229271,0.1600000000000001,-4.127454382613831e-20,0.1600000000000001,-3.569756323045405e-18,0.1600000000000001,-1.076787109293913e-15,0.1600000000000001,-1.097555580963599e-15,0.1600000000000001,1.532280285524897e-08,0.1600000000000001,4.708299882476986e-08,0.1600000000000001,4.121248944184763e-07
0.1650000000000001,0.05226414754361586,0.1650000000000001,0.5736275779256892,0.1650000000000001,1.077976276667542e-15,0.1650000000000001,26.86974061994148,0.1650000000000001,-4.302570367147461e-20,0.1650000000000001,-3.719340119379899e-18,0.1650000000000001,-1.076981305655744e-15,0.1650000000000001,-1.098043112474083e-15,0.1650000000000001,1.75272448194658e-08,0.1650000000000001,5.383285087174317e-08,0.1650000000000001,4.709524786377061e-07
0.1700000000000001,0.05226637223699982,0.1700000000000001,0.5736275779256892,0.1700000000000001,1.078202277568249e-15,0.1700000000000001,26.84158298273044,0.1700000000000001,-4.48957940864483e-20,0.1700000000000001,-3.878965774106581e-18,0.1700000000000001,-1.077169837554096e-15,0.1700000000000001,-1.098590280245533e-15,0.1700000000000001,2.004609434875622e-08,0.1700000000000001,6.153986564807922e-08,0.1700000000000001,5.380688729905288e-07
0.1750000000000001,0.05226891346936687,0.1750000000000001,0.5736275779256892,0.1750000000000001,1.078426021506892e-15,0.1750000000000001,26.8115890803255,0.1750000000000001,-4.689578255602173e-20,0.1750000000000001,-4.049548359254581e-18,0.1750000000000001,-1.077352122697374e-15,0.1750000000000001,-1.099205965116255e-15,0.1750000000000001,2.292359377979028e-08,0.1750000000000001,7.033745572410577e-08,0.1750000000000001,6.146179552848301e-07
0.1800000000000001,0.05227181559613389,0.1800000000000001,0.5736275779256892,0.1800000000000001,1.078647408331476e-15,0.1800000000000001,26.77962754724399,0.1800000000000001,-4.903769180188836e-20,0.1800000000000001,-4.232088981418375e-18,0.1800000000000001,-1.077527535103833e-15,0.1800000000000001,-1.099900063446105e-15,0.1800000000000001,2.621007809444249e-08,0.1800000000000001,8.037711404351442e-08,0.1800000000000001,7.018961176461788e-07
0.1850000000000001,0.05227512903369273,0.1850000000000001,0.5736275779256892,0.1850000000000001,1.078866349266154e-15,0.1850000000000001,26.74555903851926,0.1850000000000001,-5.133469537603252e-20,0.1850000000000001,-4.427682183161324e-18,0.1850000000000001,-1.077695400830963e-15,0.1850000000000001,-1.100683584762601e-15,0.1850000000000001,2.996278436852727e-08,0.1850000000000001,9.183074984288103e-08,0.1850000000000001,8.013714153990619e-07
0.1900000000000001,0.05227891105245723,0.1900000000000001,0.5736275779256892,0.1900000000000001,1.079082767866251e-15,0.1900000000000001,26.70923598227319,0.1900000000000001,-5.380121988949839e-20,0.1900000000000001,-4.637523771776621e-18,0.1900000000000001,-1.077854993326321e-15,0.1900000000000001,-1.10156875589015e-15,0.1900000000000001,3.424676220594836e-08,0.1900000000000001,1.048933011219711e-07,0.1900000000000001,9.147048585013982e-07
0.1950000000000001,0.05228322666563377,0.1950000000000001,0.5736275779256892,0.1950000000000001,1.079296600950418e-15,0.1950000000000001,26.67050236728385,0.1950000000000001,-5.645305369573061e-20,0.1950000000000001,-4.862919034916959e-18,0.1950000000000001,-1.078005528412272e-15,0.1950000000000001,-1.102569131195135e-15,0.1950000000000001,3.913589631321226e-08,0.1950000000000001,1.197856508694414e-07,0.1950000000000001,1.043774027609105e-06
0.2000000000000001,0.05228814962341662,0.2000000000000001,0.5736275779256892,0.2000000000000001,1.079507799507849e-15,0.2000000000000001,26.62919357474826,0.2000000000000001,-5.93074616056817e-20,0.2000000000000001,-5.105291278585355e-18,0.2000000000000001,-1.078146158932511e-15,0.2000000000000001,-1.103699708292542e-15,0.2000000000000001,4.471405328385961e-08,0.2000000000000001,1.367578757001577e-07,0.2000000000000001,1.190699199253406e-06
0.2050000000000001,0.05229376352285327,0.2050000000000001,0.5736275779256892,0.2050000000000001,1.079716329579529e-15,0.2050000000000001,26.5851362646193,0.2050000000000001,-6.238330492155841e-20,0.2050000000000001,-5.366190592906569e-18,0.2050000000000001,-1.078275969107509e-15,0.2050000000000001,-1.104977048196856e-15,0.2050000000000001,5.107636557979012e-08,0.2050000000000001,1.560928567952242e-07,0.2050000000000001,1.357872163525713e-06
0.2100000000000001,0.05230016304408398,0.2100000000000001,0.5736275779256892,0.2100000000000001,1.07992217311347e-15,0.2100000000000001,26.53814832810711,0.2100000000000001,-6.570116569494286e-20,0.2100000000000001,-5.647302714165663e-18,0.2100000000000001,-1.07839396866979e-15,0.2100000000000001,-1.106419398450341e-15,0.2100000000000001,5.83306665968317e-08,0.2100000000000001,1.781102839662602e-07,0.2100000000000001,1.547987912158733e-06
0.2150000000000001,0.05230745532399574,0.2150000000000001,0.5736275779256892,0.2150000000000001,1.080125328794896e-15,0.2150000000000001,26.48803891916288,0.2150000000000001,-6.928347366372735e-20,0.2150000000000001,-5.950457807133496e-18,0.2150000000000001,-1.078499086878578e-15,0.2150000000000001,-1.108046817216115e-15,0.2150000000000001,6.659909156026788e-08,0.2150000000000001,2.031710841884447e-07,0.2150000000000001,1.764079363924164e-06
0.2200000000000001,0.05231576147849436,0.2200000000000001,0.5736275779256892,0.2200000000000001,1.080325812853126e-15,0.2200000000000001,26.43460857896084,0.2200000000000001,-7.31546337738987e-20,0.2200000000000001,-6.277638939284156e-18,0.2200000000000001,-1.078590166547274e-15,0.2200000000000001,-1.109881295675011e-15,0.2200000000000001,7.601985978187084e-08,0.2200000000000001,2.316823059441176e-07,0.2200000000000001,2.009555276687183e-06
0.2250000000000001,0.05232521828453459,0.2250000000000001,0.5736275779256892,0.2250000000000001,1.08052365984764e-15,0.2250000000000001,26.37764946851953,0.2250000000000001,-7.734115155801899e-20,0.2250000000000001,-6.630989958175678e-18,0.2250000000000001,-1.078665958256332e-15,0.2250000000000001,-1.111946875312695e-15,0.2250000000000001,8.674925448653252e-08,0.2250000000000001,2.641024900568679e-07,0.2250000000000001,2.288241470027669e-06
0.2300000000000001,0.05233598003268904,0.2300000000000001,0.5736275779256892,0.2300000000000001,1.080718923436247e-15,0.2300000000000001,26.31694572559444,0.2300000000000001,-8.187175292130046e-20,0.2300000000000001,-7.012822415708472e-18,0.2300000000000001,-1.07872511496822e-15,0.2300000000000001,-1.114269755833248e-15,0.2300000000000001,9.896381694149412e-08,0.2300000000000001,3.00947556227771e-07,0.2300000000000001,2.604425447763533e-06
0.2350000000000001,0.05234822056030457,0.2350000000000001,0.5736275779256892,0.2350000000000001,1.080911677128424e-15,0.2350000000000001,26.25227396275054,0.2350000000000001,-8.67774940989364e-20,0.2350000000000001,-7.425621109830608e-18,0.2350000000000001,-1.078766187309261e-15,0.2350000000000001,-1.116878388505182e-15,0.2350000000000001,1.128627719551104e-07,0.2350000000000001,3.427972320519222e-07,0.2350000000000001,2.962904464687413e-06
0.2400000000000001,0.05236213547410024,0.2400000000000001,0.5736275779256892,0.2400000000000001,1.081102015026745e-15,0.2400000000000001,26.18340392400651,0.2400000000000001,-9.209185671876751e-20,0.2400000000000001,-7.872047738417187e-18,0.2400000000000001,-1.078787619833634e-15,0.2400000000000001,-1.119803548768481e-15,0.2400000000000001,1.286707018990196e-07,0.2400000000000001,3.903020477282538e-07,0.2400000000000001,3.369037025104039e-06
0.2450000000000001,0.05237794456930459,0.2450000000000001,0.5736275779256892,0.2450000000000001,1.081290052558724e-15,0.2450000000000001,26.11009931751626,0.2450000000000001,-9.785082208106882e-20,0.2450000000000001,-8.354942085968337e-18,0.2450000000000001,-1.078787748634987e-15,0.2450000000000001,-1.123078380959037e-15,0.2450000000000001,1.466404860919268e-07,0.2450000000000001,4.441909148104915e-07,0.2450000000000001,3.828797731218504e-06
0.2500000000000001,0.05239589445000233,0.2500000000000001,0.5736275779256892,0.2500000000000001,1.081475927200374e-15,0.2500000000000001,26.032118841306,0.2500000000000001,-1.040929180168782e-19,0.2500000000000001,-8.877320097751862e-18,0.2500000000000001,-1.078764800717239e-15,0.2500000000000001,-1.126738407114881e-15,0.2500000000000001,1.670565217496836e-07,0.2500000000000001,5.052793010191549e-07,0.2500000000000001,4.348835316202014e-06
0.2550000000000001,0.05241626135214261,0.2550000000000001,0.5736275779256892,0.2550000000000001,1.081659799191341e-15,0.2550000000000001,25.94921741798098,0.2550000000000001,-1.108592310957451e-19,0.2550000000000001,-9.442368146375163e-18,0.2550000000000001,-1.07871689557305e-15,0.2550000000000001,-1.130821491117551e-15,0.2550000000000001,1.902382417005992e-07,0.2550000000000001,5.744780051965845e-07,0.2550000000000001,4.936533599344887e-06
0.2600000000000001,0.05243935416653442,0.2600000000000001,0.5736275779256892,0.2600000000000001,1.08184185223953e-15,0.2600000000000001,25.86114765241711,0.2600000000000001,-1.181933766376273e-19,0.2600000000000001,-1.005343277277721e-17,0.2600000000000001,-1.078642049439833e-15,0.2600000000000001,-1.135367749017599e-15,0.2600000000000001,2.165439423894312e-07,0.2600000000000001,6.528025268190268e-07,0.2600000000000001,5.600074989093189e-06
0.2650000000000001,0.05246551765399537,0.2650000000000001,0.5736275779256892,0.2650000000000001,1.082022294210815e-15,0.2650000000000001,25.76766152361301,0.2650000000000001,-1.261414190592336e-19,0.2650000000000001,-1.071400519912559e-17,0.2650000000000001,-1.078538182701556e-15,0.2650000000000001,-1.140419396442805e-15,0.2650000000000001,2.463749334604529e-07,0.2650000000000001,7.413830130030755e-07,0.2650000000000001,6.348506034609356e-06
0.2700000000000001,0.05249513583851862,0.2700000000000001,0.5736275779256892,0.2700000000000001,1.082201357796784e-15,0.2700000000000001,25.66851231796046,0.2700000000000001,-1.347517357095477e-19,0.2700000000000001,-1.142769997766073e-17,0.2700000000000001,-1.078403130871911e-15,0.2700000000000001,-1.146020524649677e-15,0.2700000000000001,2.801800173356977e-07,0.2700000000000001,8.4147475263689e-07,0.2700000000000001,7.191804389269984e-06
0.2750000000000001,0.05252863555678217,0.2750000000000001,0.5736275779256892,0.2750000000000001,1.082379301150626e-15,0.2750000000000001,25.56345680607802,0.2750000000000001,-1.440748186314429e-19,0.2750000000000001,-1.219822726903234e-17,0.2750000000000001,-1.078234659522952e-15,0.2750000000000001,-1.152216798206707e-15,0.2750000000000001,3.184603036018799e-07,0.2750000000000001,9.544691721798949e-07,0.2750000000000001,8.140946402628998e-06
0.2800000000000001,0.05256649013348104,0.2800000000000001,0.5736275779256892,0.2800000000000001,1.082556408478458e-15,0.2800000000000001,25.45225765895079,0.2800000000000001,-1.541630107538658e-19,0.2800000000000001,-1.302935844534483e-17,0.2800000000000001,-1.078030483406636e-15,0.2800000000000001,-1.159055069615887e-15,0.2800000000000001,3.617743586550993e-07,0.2800000000000001,1.081905270948834e-06,0.2800000000000001,9.207974404324843e-06
0.2850000000000001,0.05260922314179443,0.2850000000000001,0.5736275779256892,0.2850000000000001,1.082732990570848e-15,0.2850000000000001,25.33468609140025,0.2850000000000001,-1.650701759050564e-19,0.2850000000000001,-1.392488499100894e-17,0.2850000000000001,-1.077788289851537e-15,0.2850000000000001,-1.166582909451295e-15,0.2850000000000001,4.107436859075277e-07,0.2850000000000001,1.225481415584315e-06,0.2850000000000001,1.04060625887969e-05
0.2900000000000001,0.05265741219684678,0.2900000000000001,0.5736275779256892,0.2900000000000001,1.08290938525734e-15,0.2900000000000001,25.21052471189702,0.2900000000000001,-1.768513057177362e-19,0.2900000000000001,-1.488857102476345e-17,0.2900000000000001,-1.077505766304818e-15,0.2900000000000001,-1.174848054790533e-15,0.2900000000000001,4.660585259412673e-07,0.2900000000000001,1.387067394226428e-06,0.2900000000000001,1.174958025922581e-05
0.2950000000000002,0.05271169271740641,0.2950000000000002,0.5736275779256892,0.2950000000000002,1.083085957765757e-15,0.2950000000000002,25.0795705475725,0.2950000000000002,-1.895620708250701e-19,0.2950000000000002,-1.592410017470981e-17,0.2950000000000002,-1.077180631638048e-15,0.2950000000000002,-1.183897783681171e-15,0.2950000000000002,5.284839593380549e-07,0.2950000000000002,1.568716611189741e-06,0.2950000000000002,1.325415104951358e-05
0.3000000000000002,0.05277276157750904,0.3000000000000002,0.5736275779256892,0.3000000000000002,1.083263100968313e-15,0.3000000000000002,24.94163820221786,0.3000000000000002,-2.032583284364894e-19,0.3000000000000002,-1.703501797889247e-17,0.3000000000000002,-1.076810670559832e-15,0.3000000000000002,-1.193778228818473e-15,0.3000000000000002,5.988662875930513e-07,0.3000000000000002,1.772678283200647e-06,0.3000000000000002,1.493670662182475e-05
0.3050000000000002,0.05284138055554188,0.3050000000000002,0.5736275779256892,0.3050000000000002,1.083441235498375e-15,0.3050000000000002,24.79656309348291,0.3050000000000002,-2.179956030426583e-19,0.3050000000000002,-1.822467141917128e-17,0.3050000000000002,-1.076393770201244e-15,0.3050000000000002,-1.204533649063402e-15,0.3050000000000002,6.781396596482015e-07,0.3050000000000002,2.001409479222719e-06,0.3050000000000002,1.681553324202368e-05
0.3100000000000002,0.0529183794740633,0.3100000000000002,0.5736275779256892,0.3100000000000002,1.083620809725267e-15,0.3100000000000002,24.64420470394206,0.3100000000000002,-2.33828561111087e-19,0.3100000000000002,-1.949614757905554e-17,0.3100000000000002,-1.075927957690388e-15,0.3100000000000002,-1.216205682332575e-15,0.3100000000000002,7.673329033072264e-07,0.3100000000000002,2.257586828301107e-06,0.3100000000000002,1.891030957394102e-05
0.3150000000000002,0.05300465890990073,0.3150000000000002,0.5736275779256892,0.3150000000000002,1.083802299579907e-15,0.3150000000000002,24.48444976988114,0.3150000000000002,-2.508105036349206e-19,0.3150000000000002,-2.085221369600217e-17,0.3150000000000002,-1.075411437341974e-15,0.3150000000000002,-1.228832607116367e-15,0.3150000000000002,8.675765123087094e-07,0.3150000000000002,2.544117704493173e-06,0.3150000000000002,2.12421340127048e-05
0.3200000000000002,0.05310119234167029,0.3200000000000002,0.5736275779256892,0.3200000000000002,1.083986208231018e-15,0.3200000000000002,24.31721532242667,0.3200000000000002,-2.689929017881695e-19,0.3200000000000002,-2.229526100817353e-17,0.3200000000000002,-1.074842625986861e-15,0.3200000000000002,-1.242448641831095e-15,0.3200000000000002,9.801097313575269e-07,0.3200000000000002,2.864150685603322e-06,0.3200000000000002,2.383353990292547e-05
0.3250000000000002,0.0532090275917451,0.3250000000000002,0.5736275779256892,0.3250000000000002,1.084173065619895e-15,0.3250000000000002,24.14245148894457,0.3250000000000002,-2.884250002913771e-19,0.3250000000000002,-2.382725473981177e-17,0.3250000000000002,-1.074220184978552e-15,0.3250000000000002,-1.25708331092789e-15,0.3250000000000002,1.10628767319176e-06,0.3250000000000002,3.221085073830637e-06,0.3250000000000002,2.670849706283592e-05
0.3300000000000002,0.05332928741295968,0.3300000000000002,0.5736275779256892,0.3300000000000002,1.084363427870554e-15,0.3300000000000002,23.96014395948941,0.3300000000000002,-3.091535102709985e-19,0.3300000000000002,-2.544969231376379e-17,0.3300000000000002,-1.073543047549579e-15,0.3300000000000002,-1.272760903948961e-15,0.3300000000000002,1.247588394050302e-06,0.3300000000000002,3.618579262200651e-06,0.3300000000000002,2.989239816163945e-05
0.3350000000000002,0.05346316906815052,0.3350000000000002,0.5736275779256892,0.3350000000000002,1.084557876600737e-15,0.3350000000000002,23.77031602446636,0.3350000000000002,-3.312224084942974e-19,0.3350000000000002,-2.716357143594e-17,0.3350000000000002,-1.072810440445979e-15,0.3350000000000002,-1.289500048642119e-15,0.3350000000000002,1.405619846960826e-06,0.3350000000000002,4.060557731278776e-06,0.3350000000000002,3.3412028672672e-05
0.3400000000000002,0.05361194275421144,0.3400000000000002,0.5736275779256892,0.3400000000000002,1.084757018166928e-15,0.3400000000000002,23.57303009640255,0.3400000000000002,-3.546728533028061e-19,0.3400000000000002,-2.896936910358304e-17,0.3400000000000002,-1.072021899120377e-15,0.3400000000000002,-1.307313412254961e-15,0.3400000000000002,1.582126626332319e-06,0.3400000000000002,4.551216466501583e-06,0.3400000000000002,3.729551934547074e-05
0.3450000000000002,0.05377694873283491,0.3450000000000002,0.5736275779256892,0.3450000000000002,1.084961482882391e-15,0.3450000000000002,23.36838864136464,0.3450000000000002,-3.795432200459017e-19,0.3450000000000002,-3.086703190914288e-17,0.3450000000000002,-1.071177276176969e-15,0.3450000000000002,-1.326207536960839e-15,0.3450000000000002,1.778996412627718e-06,0.3450000000000002,5.095026597715526e-06,0.3450000000000002,4.157228039948741e-05
0.3500000000000002,0.05395959304850575,0.3500000000000002,0.5736275779256892,0.3500000000000002,1.085171924250592e-15,0.3500000000000002,23.15653446422943,0.3500000000000002,-4.058692511419242e-19,0.3500000000000002,-3.285597732007473e-17,0.3500000000000002,-1.070276743188522e-15,0.3500000000000002,-1.346182806933817e-15,0.3500000000000002,1.998266022597024e-06,0.3500000000000002,5.696736079284896e-06,0.3500000000000002,4.627291693428789e-05
0.3550000000000002,0.05416134174129895,0.3550000000000002,0.5736275779256892,0.3550000000000002,1.08538901825701e-15,0.3550000000000002,22.93765031628628,0.3550000000000002,-4.33684308948748e-19,0.3550000000000002,-3.493510498907267e-17,0.3550000000000002,-1.069320786398451e-15,0.3550000000000002,-1.367233536836924e-15,0.3550000000000002,2.24212696882247e-06,0.3550000000000002,6.36136925147914e-06,0.3550000000000002,5.142912536951697e-05
0.3600000000000002,0.05438371349787688,0.3600000000000002,0.5736275779256892,0.3600000000000002,1.085613462760007e-15,0.3600000000000002,22.71195782245058,0.3600000000000002,-4.630197141266972e-19,0.3600000000000002,-3.710281665468724e-17,0.3600000000000002,-1.068310197138157e-15,0.3600000000000002,-1.389348165240734e-15,0.3600000000000002,2.512930432291925e-06,0.3600000000000002,7.094224151859995e-06,0.3600000000000002,5.707357106866251e-05
0.3650000000000002,0.05462827072848254,0.3650000000000002,0.5736275779256892,0.3650000000000002,1.08584597701667e-15,0.3650000000000002,22.47971575693395,0.3650000000000002,-4.93905148642086e-19,0.3650000000000002,-3.935704287267889e-17,0.3650000000000002,-1.067246058002171e-15,0.3650000000000002,-1.4125095323164e-15,0.3650000000000002,2.813191553489286e-06,0.3650000000000002,7.900867479238133e-06,0.3650000000000002,6.323974766298537e-05
0.3700000000000002,0.05489660910972272,0.3700000000000002,0.5736275779256892,0.3700000000000002,1.086087301372752e-15,0.3700000000000002,22.24121772816288,0.3700000000000002,-5.263691011663192e-19,0.3700000000000002,-4.169527469022533e-17,0.3700000000000002,-1.066129725918807e-15,0.3700000000000002,-1.436695219288907e-15,0.3700000000000002,3.145592951188498e-06,0.3700000000000002,8.787127152741231e-06,0.3700000000000002,6.996181897881638e-05
0.3750000000000002,0.05519034569082303,0.3750000000000002,0.5736275779256892,0.3750000000000002,1.086338197137874e-15,0.3750000000000002,21.99678936320849,0.3750000000000002,-5.604393332886757e-19,0.3750000000000002,-4.41145984273896e-17,0.3750000000000002,-1.064962813236635e-15,0.3750000000000002,-1.461877927498472e-15,0.3750000000000002,3.512987383899275e-06,0.3750000000000002,9.759082454982891e-06,0.3750000000000002,7.727444488866167e-05
0.3800000000000002,0.05551110572236191,0.3800000000000002,0.5736275779256892,0.3800000000000002,1.086599446658799e-15,0.3800000000000002,21.74678510593643,0.3800000000000002,-5.961433473142637e-19,0.3800000000000002,-4.661173193016516e-17,0.3800000000000002,-1.063747167835676e-15,0.3800000000000002,-1.488025877129616e-15,0.3800000000000002,3.918399476906762e-06,0.3800000000000002,1.082305180153148e-05,0.3800000000000002,8.521259286087974e-05
0.3850000000000002,0.05586050842811609,0.3850000000000002,0.5736275779256892,0.3850000000000002,1.086871853595634e-15,0.3850000000000002,21.491584758632,0.3850000000000002,-6.335088399515723e-19,0.3850000000000002,-4.918306096030526e-17,0.3850000000000002,-1.062484853094716e-15,0.3850000000000002,-1.515103209178528e-15,0.3850000000000002,4.365026448262286e-06,0.3850000000000002,1.19855782388222e-05,0.3850000000000002,9.381133747775242e-05
0.3900000000000002,0.05624015199890451,0.3900000000000002,0.5736275779256892,0.3900000000000002,1.087156243398787e-15,0.3900000000000002,21.2315899017228,0.3900000000000002,-6.725641303530211e-19,0.3900000000000002,-5.182467473807356e-17,0.3900000000000002,-1.061178128333593e-15,0.3900000000000002,-1.543070378425203e-15,0.3900000000000002,4.856237780108264e-06,0.3900000000000002,1.325341283870846e-05,0.3900000000000002,0.000103105650723678
0.3950000000000002,0.05665159813823852,0.3950000000000002,0.5736275779256892,0.3950000000000002,1.087453463978931e-15,0.3950000000000002,20.96722031913833,0.3950000000000002,-7.13338555208598e-19,0.3950000000000002,-5.453240000798504e-17,0.3950000000000002,-1.059829430131067e-15,0.3950000000000002,-1.571884529479533e-15,0.3950000000000002,5.395573797490573e-06,0.3950000000000002,1.463349622842162e-05,0.3950000000000002,0.0001131301863973571
0.4000000000000002,0.05709635652921877,0.4000000000000002,0.5736275779256892,0.4000000000000002,1.087764386558182e-15,0.4000000000000002,20.69891053789911,0.4000000000000002,-7.558628275022406e-19,0.4000000000000002,-5.730183331722341e-17,0.4000000000000002,-1.058441354718783e-15,0.4000000000000002,-1.601499851912577e-15,0.4000000000000002,5.986743135327407e-06,0.4000000000000002,1.613293856695332e-05,0.4000000000000002,0.0001239190625409447
0.4050000000000002,0.05757586961689887,0.4050000000000002,0.5736275779256892,0.4050000000000002,1.088089906688258e-15,0.4050000000000002,20.42710656131027,0.4050000000000002,-8.001693588245573e-19,0.4050000000000002,-6.012837145705355e-17,0.4050000000000002,-1.057016641485998e-15,0.4050000000000002,-1.631867913747952e-15,0.4050000000000002,6.63361909526145e-06,0.4050000000000002,1.775899834856615e-05,0.4050000000000002,0.0001355056462539032
0.4100000000000003,0.05809149810743344,0.4100000000000003,0.5736275779256892,0.4100000000000003,1.088430945420337e-15,0.4100000000000003,20.15226283872663,0.4100000000000003,-8.462925476463047e-19,0.4100000000000003,-6.300724020720403e-17,0.4100000000000003,-1.055558157506657e-15,0.4100000000000003,-1.662937975009367e-15,0.4100000000000003,7.340234917208581e-06,0.4100000000000003,1.951906047570067e-05,0.4100000000000003,0.0001479223456020922
0.4150000000000003,0.05862856794852925,0.4150000000000003,0.5736521268539914,0.4150000000000003,1.088788450611552e-15,0.4150000000000003,19.87483947551062,0.4150000000000003,-8.942690376722263e-19,0.4150000000000003,-6.593352164084809e-17,0.4150000000000003,-1.054068882921594e-15,0.4150000000000003,-1.694657284569533e-15,0.4150000000000003,8.110778014663597e-06,0.4150000000000003,2.142061409047719e-05,0.4150000000000003,0.0001612004134662851
0.4200000000000003,0.05921733204283394,0.4200000000000003,0.5736546657074142,0.4200000000000003,1.089163398354063e-15,0.4200000000000003,19.59529964943193,0.4200000000000003,-9.441379513754036e-19,0.4200000000000003,-6.890218030047024e-17,0.4200000000000003,-1.052551896970524e-15,0.4200000000000003,-1.726971364294854e-15,0.4200000000000003,8.949583246980084e-06,0.4200000000000003,2.347123067951898e-05,0.4200000000000003,0.0001753697680224228
0.4250000000000003,0.05984527071958703,0.4250000000000003,0.5736574247251023,0.4250000000000003,1.089556794514379e-15,0.4250000000000003,19.31410716924294,0.4250000000000003,-9.959411041730294e-19,0.4250000000000003,-7.19080885544504e-17,0.4250000000000003,-1.051010364464303e-15,0.4250000000000003,-1.759824284564441e-15,0.4250000000000003,9.861125324314375e-06,0.4250000000000003,2.567854296483965e-05,0.4250000000000003,0.0001904588340464576
0.4300000000000003,0.06051325629300058,0.4300000000000003,0.5736604178510244,0.4300000000000003,1.089969676372578e-15,0.4300000000000003,19.03172409162992,0.4300000000000003,-1.049723204598876e-18,0.4300000000000003,-7.494605140464792e-17,0.4300000000000003,-1.04944752250925e-15,0.4300000000000003,-1.793158934825943e-15,0.4300000000000003,1.085001045989784e-05,0.4300000000000003,2.805022505966788e-05,0.4300000000000003,0.0002064944083563036
0.4350000000000003,0.06122202744003997,0.4350000000000003,0.5736636594003821,0.4350000000000003,1.090403114353257e-15,0.4350000000000003,18.74860830689896,0.4350000000000003,-1.10553204538922e-18,0.4350000000000003,-7.801083095049131e-17,0.4350000000000003,-1.047866667333744e-15,0.4350000000000003,-1.826917292100993e-15,0.4350000000000003,1.192096739790249e-05,0.4350000000000003,3.059397430062929e-05,0.4350000000000003,0.0002235015514494924
0.4400000000000003,0.06197218560415142,0.4400000000000003,0.5736671640310148,0.4400000000000003,1.090858213842166e-15,0.4400000000000003,18.46521101246598,0.4400000000000003,-1.163418689768033e-18,0.4400000000000003,-8.109717063748899e-17,0.4400000000000003,-1.046271141115107e-15,0.4400000000000003,-1.861040689420864e-15,0.4400000000000003,1.307883795169802e-05,0.4400000000000003,3.331749506840852e-05,0.4400000000000003,0.0002415035058231201
0.4450000000000003,0.06276419364083595,0.4450000000000003,0.5736709467137289,0.4450000000000003,1.091336117084436e-15,0.4450000000000003,18.18197401533142,0.4450000000000003,-1.223437656490536e-18,0.4450000000000003,-8.419981933772481e-17,0.4450000000000003,-1.044664318755658e-15,0.4450000000000003,-1.895470085182937e-15,0.4450000000000003,1.432856718547232e-05,0.4450000000000003,3.622848478328682e-05,0.4450000000000003,0.0002605216396760016
0.4500000000000003,0.06359837660145627,0.4500000000000003,0.5736750227019213,0.4500000000000003,1.091838005162096e-15,0.4500000000000003,17.89932683725349,0.4500000000000003,-1.285647106471659e-18,0.4500000000000003,-8.731355523438038e-17,0.4500000000000003,-1.043049594605789e-15,0.4500000000000003,-1.930146333466286e-15,0.4500000000000003,1.567519336134913e-05,0.4500000000000003,3.93346221186618e-05,0.4500000000000003,0.0002805754128355567
0.4550000000000003,0.06447492447624557,0.4550000000000003,0.5736794075008033,0.4550000000000003,1.092365100050091e-15,0.4550000000000003,17.61768363494541,0.4550000000000003,-1.3501090331361e-18,0.4550000000000003,-9.043320941672025e-17,0.4550000000000003,-1.041430369175718e-15,0.4550000000000003,-1.965010454496077e-15,0.4550000000000003,1.712383775440388e-05,0.4550000000000003,4.264355732625869e-05,0.4550000000000003,0.0003016823599925797
0.4600000000000003,0.06539389665534834,0.4600000000000003,0.5736841168364575,0.4600000000000003,1.092918666751262e-15,0.4600000000000003,17.3374399872741,0.4600000000000003,-1.416889458015148e-18,0.4600000000000003,-9.355368903937792e-17,0.4600000000000003,-1.039810035913963e-15,0.4600000000000003,-2.000003903743114e-15,0.4600000000000003,1.867969441034275e-05,0.4600000000000003,4.61629044241338e-05,0.4600000000000003,0.0003238580848397074
0.4650000000000003,0.06635522782086481,0.4650000000000003,0.5736891666248455,0.4650000000000003,1.093500015511779e-15,0.4650000000000003,17.05896963714936,0.4650000000000003,-1.486058632601666e-18,0.4650000000000003,-9.666999986146101e-17,0.4650000000000003,-1.038191968158593e-15,0.4650000000000003,-2.035068837606474e-15,0.4650000000000003,2.034801988684157e-05,0.4650000000000003,4.990023487545075e-05,0.4650000000000003,0.000347116257650343
0.4700000000000003,0.06735873495488583,0.4700000000000003,0.5736945729407806,0.4700000000000003,1.09411050411933e-15,0.4700000000000003,16.78262130331873,0.4700000000000003,-1.557691247058415e-18,0.4700000000000003,-9.977726795708536e-17,0.4700000000000003,-1.036579506386655e-15,0.4700000000000003,-2.070148373258849e-15,0.4700000000000003,2.213412298211532e-05,0.4700000000000003,5.386307229357221e-05,0.4700000000000003,0.0003714686083235121
0.4750000000000003,0.06840412513861224,0.4750000000000003,0.5737003519867616,0.4750000000000003,1.09475154028694e-15,0.4750000000000003,16.50871569365276,0.4750000000000003,-1.631866646061926e-18,0.4750000000000003,-1.02870760378541e-16,0.4750000000000003,-1.034975945898145e-15,0.4750000000000003,-2.105186840028457e-15,0.4750000000000003,2.404335441607125e-05,0.4750000000000003,5.805888765545078e-05,0.4750000000000003,0.0003969249070231115
0.4800000000000003,0.06949100382475007,0.4800000000000003,0.573706520061446,0.4800000000000003,1.095424584125769e-15,0.4800000000000003,16.23754285528726,0.4800000000000003,-1.708669051826305e-18,0.4800000000000003,-1.059459045550202e-16,0.4800000000000003,-1.033384525074287e-15,0.4800000000000003,-2.140130019634379e-15,0.4800000000000003,2.608109639345208e-05,0.4800000000000003,6.249509449519104e-05,0.4800000000000003,0.0004234929252645145
0.4850000000000003,0.07061888328729528,0.4850000000000003,0.573713093527472,0.4850000000000003,1.096131150710505e-15,0.4850000000000003,15.9693599883419,0.4850000000000003,-1.788187794204707e-18,0.4850000000000003,-1.089983062218637e-16,0.4850000000000003,-1.031808414346615e-15,0.4850000000000003,-2.174925372664175e-15,0.4850000000000003,2.825275194756974e-05,0.4850000000000003,6.717904358335448e-05,0.4850000000000003,0.0004511783715948867
0.4900000000000003,0.07178719098665963,0.4900000000000003,0.5737200887782286,0.4900000000000003,1.096872812741171e-15,0.4900000000000003,15.70438983038735,0.4900000000000003,-1.870517547666353e-18,0.4900000000000003,-1.120237656957362e-16,0.4900000000000003,-1.030250706004449e-15,0.4900000000000003,-2.209522248862767e-15,0.4900000000000003,3.056373394006286e-05,0.4900000000000003,7.211801667164272e-05,0.4900000000000003,0.0004799847977727699
0.4950000000000003,0.07299527763043311,0.4950000000000003,0.5737275222031794,0.4950000000000003,1.097651203305233e-15,0.4950000000000003,15.4428196909499,0.4950000000000003,-1.955758574911075e-18,0.4950000000000003,-1.150182923380257e-16,0.4950000000000003,-1.028714404955081e-15,0.4950000000000003,-2.243872079067396e-15,0.4950000000000003,3.301945357841645e-05,0.4950000000000003,7.731921899020277e-05,0.4950000000000003,0.0005099134734367763
0.5000000000000003,0.07424242475749106,0.5000000000000003,0.5737354101512911,0.5000000000000003,1.098468018743902e-15,0.5000000000000003,15.18480118225981,0.5000000000000003,-2.044016976873518e-18,0.5000000000000003,-1.179781170802212e-16,0.5000000000000003,-1.027202420534298e-15,0.5000000000000003,-2.277928546953294e-15,0.5000000000000003,3.562530830984782e-05,0.5000000000000003,8.278977031680851e-05,0.5000000000000003,0.0005409632295017775
0.5050000000000003,0.07552785172226249,0.5050000000000003,0.5737437688921764,0.5050000000000003,1.099325021626468e-15,0.5050000000000003,14.93045065744668,0.5050000000000003,-2.135404948898118e-18,0.5050000000000003,-1.20899702919325e-16,0.5050000000000003,-1.025717559445853e-15,0.5050000000000003,-2.311647739128626e-15,0.5050000000000003,3.838666895788168e-05,0.5050000000000003,8.853669458318149e-05,0.5050000000000003,0.0005731302727702272
0.5100000000000003,0.07685072200387877,0.5100000000000003,0.5737526145745916,0.5100000000000003,1.100224043836361e-15,0.5100000000000003,14.67985033349662,0.5100000000000003,-2.230041042904839e-18,0.5100000000000003,-1.237797533268898e-16,0.5100000000000003,-1.024262519888162e-15,0.5100000000000003,-2.344988272515818e-15,0.5100000000000003,4.130886598598182e-05,0.5100000000000003,9.456690813300059e-05,0.5100000000000003,0.0006064079763444691
0.5150000000000003,0.07821014880918772,0.5150000000000003,0.5737619631820263,0.5150000000000003,1.101166989772482e-15,0.5150000000000003,14.43305004601536,0.5150000000000003,-2.328050435422955e-18,0.5150000000000003,-1.266152185507302e-16,0.5150000000000003,-1.02283988690562e-15,0.5150000000000003,-2.377911398364021e-15,0.5150000000000003,4.43971747998475e-05,0.5150000000000003,0.0001008872068888394,0.5150000000000003,0.0006407866522465563
0.5200000000000004,0.07960519997745978,0.5200000000000004,0.5737718304852155,0.5200000000000004,1.10215583966909e-15,0.5200000000000004,14.19006955800719,0.5200000000000004,-2.429565201427178e-18,0.5200000000000004,-1.294032998225119e-16,0.5200000000000004,-1.021452128981232e-15,0.5200000000000004,-2.410381082638945e-15,0.5200000000000004,4.765680003468094e-05,0.5200000000000004,0.0001075042528127236,0.5200000000000004,0.0006762533140994195
0.5250000000000004,0.08103490222684101,0.5250000000000004,0.5737822319915434,0.5250000000000004,1.103192653037287e-15,0.5250000000000004,13.95090132655176,0.5250000000000004,-2.534724593972751e-18,0.5250000000000004,-1.321414515163868e-16,0.5250000000000004,-1.02010159586748e-15,0.5250000000000004,-2.442364062920375e-15,0.5250000000000004,5.109285881387122e-05,0.5250000000000004,0.0001144245601505722,0.5250000000000004,0.0007127914387371138
0.5300000000000004,0.08249824480764865,0.5300000000000004,0.5737931828914116,0.5300000000000004,1.104279572230806e-15,0.5300000000000004,13.71551361981325,0.5300000000000004,-2.643675329680684e-18,0.5300000000000004,-1.348273813328211e-16,0.5300000000000004,-1.018790517633796e-15,0.5300000000000004,-2.473829882294213e-15,0.5300000000000004,5.47103630088551e-05,0.5300000000000004,0.0001216544820297561,0.5300000000000004,0.0007503807361656392
0.5350000000000004,0.08399418264533362,0.5350000000000004,0.5738046980018108,0.5350000000000004,1.105418826138433e-15,0.5350000000000004,13.48385387202443,0.5350000000000004,-2.75657188017337e-18,0.5350000000000004,-1.37459048607258e-16,0.5350000000000004,-1.017521004892298e-15,0.5350000000000004,-2.504750901047594e-15,0.5350000000000004,5.851420057417692e-05,0.5350000000000004,0.0001292001980287872,0.5350000000000004,0.0007889969373938044
0.5400000000000004,0.08552163906672421,0.5400000000000004,0.5738167917074399,0.5400000000000004,1.106612734004993e-15,0.5400000000000004,13.25585216527862,0.5400000000000004,-2.873576769602767e-18,0.5400000000000004,-1.400346608648656e-16,0.5400000000000004,-1.016295050148643e-15,0.5400000000000004,-2.535102287257181e-15,0.5400000000000004,6.250911607480972e-05,0.5400000000000004,0.0001370677033579034,0.5400000000000004,0.000828611609324627
0.5450000000000004,0.08707950820761057,0.5450000000000004,0.5738294778998516,0.5450000000000004,1.107863709382325e-15,0.5450000000000004,13.03142473315941,0.5450000000000004,-2.994860878440708e-18,0.5450000000000004,-1.425526687601878e-16,0.5450000000000004,-1.015114530212314e-15,0.5450000000000004,-2.564861987598629e-15,0.5450000000000004,6.669969056273263e-05,0.5450000000000004,0.0001452628002799163,0.5450000000000004,0.0008691920051901481
0.5500000000000004,0.08866665719871146,0.5500000000000004,0.5738427699151962,0.5500000000000004,1.109174264211151e-15,0.5500000000000004,12.81047739131682,0.5500000000000004,-3.12060375371761e-18,0.5500000000000004,-1.450117595539678e-16,0.5500000000000004,-1.013981209590354e-15,0.5500000000000004,-2.594010679897867e-15,0.5500000000000004,7.109032099493134e-05,0.5500000000000004,0.0001537910923641553,0.5500000000000004,0.0009107009579866161
0.5550000000000004,0.09028192822151469,0.5550000000000004,0.5738566804712455,0.5550000000000004,1.110547013034149e-15,0.5550000000000004,12.59290881289463,0.5550000000000004,-3.250993925899955e-18,0.5550000000000004,-1.47410849288855e-16,0.5550000000000004,-1.012896744780565e-15,0.5550000000000004,-2.622531709092158e-15,0.5550000000000004,7.568519941415242e-05,0.5550000000000004,0.0001626579821057504,0.5550000000000004,0.0009530968230908517
0.5600000000000004,0.09192414051644551,0.5600000000000004,0.5738712216044232,0.5600000000000004,1.11198467733983e-15,0.5600000000000004,12.37861358113122,0.5600000000000004,-3.386229232586921e-18,0.5600000000000004,-1.497490738313113e-16,0.5600000000000004,-1.011862689374455e-15,0.5600000000000004,-2.650411008372086e-15,0.5600000000000004,8.048829213596229e-05,0.5600000000000004,0.0001718686723614798,0.5600000000000004,0.000996333474782257
0.5650000000000004,0.09359209241424868,0.5650000000000004,0.5738864046076244,0.5650000000000004,1.113490090036114e-15,0.5650000000000004,12.16748496651944,0.5650000000000004,-3.526517149177301e-18,0.5650000000000004,-1.520257789490911e-16,0.5650000000000004,-1.010880499876542e-15,0.5650000000000004,-2.677637007336999e-15,0.5650000000000004,8.55033192003896e-05,0.5650000000000004,0.0001814281719560153,0.5650000000000004,0.001040360359827556
0.5700000000000004,0.09528456344830309,0.5700000000000004,0.5739022399696304,0.5700000000000004,1.115066200051615e-15,0.5700000000000004,11.95941739080916,0.5700000000000004,-3.672075126623825e-18,0.5700000000000004,-1.542405095925055e-16,0.5700000000000004,-1.009951542144993e-15,0.5700000000000004,-2.70420052901913e-15,0.5700000000000004,9.073373435343386e-05,0.5700000000000004,0.0001913413057027812,0.5700000000000004,0.001085122609672013
0.5750000000000004,0.09700031659166193,0.5750000000000004,0.5739187373169136,0.5750000000000004,1.116716077061748e-15,0.5750000000000004,11.75430855423191,0.5750000000000004,-3.823130936332692e-18,0.5750000000000004,-1.563929985436924e-16,0.5750000000000004,-1.009077098358646e-15,0.5750000000000004,-2.73009467761966e-15,0.5750000000000004,9.618270582312822e-05,0.5750000000000004,0.000201612728966008,0.5750000000000004,0.001130561211181372
0.5800000000000004,0.09873810064861595,0.5800000000000004,0.5739359053586101,0.5800000000000004,1.11844291633571e-15,0.5800000000000004,11.5520612151614,0.5800000000000004,-3.979923022195998e-18,0.5800000000000004,-1.584831545917067e-16,0.5800000000000004,-1.008258374417136e-15,0.5800000000000004,-2.755314718757264e-15,0.5800000000000004,0.0001018530981469617,0.5800000000000004,0.0002122469467687773,0.5800000000000004,0.001176613234345418
0.5850000000000004,0.1004966528171076,0.5850000000000004,0.5739537518353987,0.5850000000000004,1.120250043699257e-15,0.5850000000000004,11.35258462269053,0.5850000000000004,-4.142700859663426e-18,0.5850000000000004,-1.605110503828249e-16,0.5850000000000004,-1.007496507683809e-15,0.5850000000000004,-2.779857953961026e-15,0.5850000000000004,0.0001077474552929398,0.5850000000000004,0.0002232483373296767,0.5850000000000004,0.001223212113932424
0.5900000000000004,0.1022747014258648,0.5900000000000004,0.5739722834729494,0.5900000000000004,1.122140920606913e-15,0.5900000000000004,11.15579561214123,0.5900000000000004,-4.311725321652956e-18,0.5900000000000004,-1.624769100854711e-16,0.5900000000000004,-1.006792574985203e-15,0.5900000000000004,-2.803723591049407e-15,0.5900000000000004,0.0001138679852961365,0.5900000000000004,0.0002346211797913585,0.5900000000000004,0.00127028798081093
0.5950000000000004,0.1040709688389813,0.5950000000000004,0.5739915059405394,0.5950000000000004,1.124119149315875e-15,0.5950000000000004,10.96161938127555,0.5950000000000004,-4.487269050991849e-18,0.5950000000000004,-1.643810969979809e-16,0.5950000000000004,-1.006147600785773e-15,0.5950000000000004,-2.826912611929672e-15,0.5950000000000004,0.0001202165466071882,0.5950000000000004,0.0002463696857906954,0.5950000000000004,0.001317768037560619
0.6000000000000004,0.1058841745111124,0.6000000000000004,0.5740114238153433,0.6000000000000004,1.126188478152298e-15,0.6000000000000004,10.76998997097825,0.6000000000000004,-4.669616838940384e-18,0.6000000000000004,-1.662241012154329e-16,0.6000000000000004,-1.005562565462137e-15,0.6000000000000004,-2.849427639232226e-15,0.6000000000000004,0.0001267946363198358,0.6000000000000004,0.0002584980344147578,0.6000000000000004,0.001365576972099074
0.6050000000000004,0.1077130381686085,0.6050000000000004,0.5740320405528048,0.6050000000000004,1.128352806858999e-15,0.6050000000000004,10.5808504785374,0.6050000000000004,-4.859066009210182e-18,0.6050000000000004,-1.680065274593132e-16,0.6050000000000004,-1.005038413607104e-15,0.6050000000000004,-2.871272803065536e-15,0.6050000000000004,0.0001336033804123486,0.6050000000000004,0.0002710104099913369,0.6050000000000004,0.001413637402369106
0.6100000000000004,0.1095562830858201,0.6100000000000004,0.5740533584633938,0.6100000000000004,1.130616192011717e-15,0.6100000000000004,10.39415303450022,0.6100000000000004,-5.055926806721595e-18,0.6100000000000004,-1.697290831611549e-16,0.6100000000000004,-1.004576062299963e-15,0.6100000000000004,-2.892453609043521e-15,0.6100000000000004,0.0001406435261035994,0.6100000000000004,0.0002839110420786603,0.6100000000000004,0.001461870344668547
0.6150000000000004,0.1114126394214513,0.6150000000000004,0.5740753786959538,0.6150000000000004,1.132982852489073e-15,0.6150000000000004,10.20985857560328,0.6150000000000004,-5.260522790172688e-18,0.6150000000000004,-1.713925668787782e-16,0.6150000000000004,-1.004176409285866e-15,0.6150000000000004,-2.912976808601694e-15,0.6150000000000004,0.0001479154363897302,0.6150000000000004,0.0002972042469472008,0.6150000000000004,0.001510195697959658
0.6200000000000004,0.1132808475771658,0.6200000000000004,0.5740981012277251,0.6200000000000004,1.13545717497915e-15,0.6200000000000004,10.02793644665402,0.6200000000000004,-5.473191227287201e-18,0.6200000000000004,-1.729978571115611e-16,0.6200000000000004,-1.003840341013298e-15,0.6200000000000004,-2.932850272483495e-15,0.6200000000000004,0.0001554190867927146,0.6200000000000004,0.000310894469787456,0.6200000000000004,0.001558532736460744
0.6250000000000004,0.1151596615394738,0.6250000000000004,0.5741215248610534,0.6250000000000004,1.13804371950321e-15,0.6250000000000004,9.848363863661232,0.6250000000000004,-5.694283491410427e-18,0.6250000000000004,-1.745459015694981e-16,0.6250000000000004,-1.003568740484685e-15,0.6250000000000004,-2.952082868147153e-15,0.6250000000000004,0.0001631540643186951,0.6250000000000004,0.0003249863268315454,0.6250000000000004,0.00160680060298523
0.6300000000000004,0.1170478521661651,0.6300000000000004,0.5741456472266663,0.6300000000000004,1.140747224934451e-15,0.6300000000000004,9.671125269163452,0.6300000000000004,-5.924165457883066e-18,0.6300000000000004,-1.760377069397836e-16,0.6300000000000004,-1.003362494880888e-15,0.6300000000000004,-2.970684341717249e-15,0.6300000000000004,0.0001711195685924479,0.6300000000000004,0.0003394846465430415,0.6300000000000004,0.001654918795833995
0.6350000000000005,0.1189442103799514,0.6350000000000005,0.5741704647933439,0.6350000000000005,1.143572614486913e-15,0.6350000000000005,9.496211608754976,0.6350000000000005,-6.163217898385282e-18,0.6350000000000005,-1.774743291844126e-16,0.6350000000000005,-1.003222502925608e-15,0.6350000000000005,-2.988665204986108e-15,0.6350000000000005,0.0001793144151054748,0.6350000000000005,0.0003543945090083213,0.6350000000000005,0.001702807642543149
0.6400000000000005,0.1208475502343946,0.6400000000000005,0.5741959728837074,0.6400000000000005,1.146525001146587e-15,0.6400000000000005,9.323619555420938,0.6400000000000005,-6.411836871179452e-18,0.6400000000000005,-1.788568643928854e-16,0.6400000000000005,-1.003149681960606e-15,0.6400000000000005,-3.006036627859092e-15,0.6400000000000005,0.000187737040489557,0.6400000000000005,0.000369721282653309,0.6400000000000005,0.001750388754415414
0.6450000000000005,0.1227567118203926,0.6450000000000005,0.5742221656958003,0.6450000000000005,1.149609693013526e-15,0.6450000000000005,9.153350705605297,0.6450000000000005,-6.670434104897318e-18,0.6450000000000005,-1.801864402056001e-16,0.6450000000000005,-1.003144974706955e-15,0.6450000000000005,-3.02281033653552e-15,0.6450000000000005,0.0001963855097055288,0.6450000000000005,0.0003854706574111784,0.6450000000000005,0.00179758545649106
0.6500000000000005,0.1246705639853066,0.6500000000000005,0.574249036330072,0.6500000000000005,1.152832198520292e-15,0.6500000000000005,8.985410768073226,0.6500000000000005,-6.939437373227807e-18,0.6500000000000005,-1.814642078159163e-16,0.6500000000000005,-1.003209355691355e-15,0.6500000000000005,-3.038998517624192e-15,0.6500000000000005,0.0002052575250188519,0.6500000000000005,0.0004016486734789943,0.6500000000000005,0.001844323188415403
0.6550000000000005,0.1265880068410184,0.6550000000000005,0.5742765768213326,0.6550000000000005,1.156198231488329e-15,0.6550000000000005,8.819808763698383,0.6550000000000005,-7.21929085754074e-18,0.6550000000000005,-1.826913345521983e-16,0.6550000000000005,-1.003343837319797e-15,0.6550000000000005,-3.054613728309114e-15,0.6550000000000005,0.0002143504366193595,0.6550000000000005,0.0004182617448239796,0.6550000000000005,0.001890529872505085
0.6600000000000005,0.1285079740416729,0.6600000000000005,0.5743047781752192,0.6600000000000005,1.15971371597996e-15,0.6600000000000005,8.656556251392571,0.6600000000000005,-7.510455494154935e-18,0.6600000000000005,-1.838689970353524e-16,0.6600000000000005,-1.003549475583557e-15,0.6600000000000005,-3.069668812607358e-15,0.6600000000000005,0.0002236612547323678,0.6600000000000005,0.0004353166766331402,0.6600000000000005,0.001936136246177504
0.6650000000000005,0.1304294348163912,0.6650000000000005,0.5743336304086943,0.6650000000000005,1.163384790899499e-15,0.6650000000000005,8.495666592573913,0.6650000000000005,-7.813409302612768e-18,0.6650000000000005,-1.849983749024499e-16,0.6650000000000005,-1.003827375384672e-15,0.6650000000000005,-3.084176823696723e-15,0.6650000000000005,0.0002331866630620378,0.6650000000000005,0.0004528206759435263,0.6650000000000005,0.001981076156760834
0.6700000000000005,0.132351395746735,0.6700000000000005,0.5743631225940887,0.6700000000000005,1.16721781429264e-15,0.6700000000000005,8.337154263893902,0.6700000000000005,-8.128647690956717e-18,0.6700000000000005,-1.860806450829131e-16,0.6700000000000005,-1.004178695469695e-15,0.6700000000000005,-3.098150952235649e-15,0.6700000000000005,0.0002429230334052256,0.6700000000000005,0.0004707813547450559,0.6700000000000005,0.002025286817523057
0.6750000000000005,0.1342729022830282,0.6750000000000005,0.5743932429061978,0.6750000000000005,1.17121936728872e-15,0.6750000000000005,8.181034225457072,0.6750000000000005,-8.456683733633674e-18,0.6750000000000005,-1.871169766103867e-16,0.6750000000000005,-1.004604652961654e-15,0.6750000000000005,-3.111604460551246e-15,0.6750000000000005,0.0002528664412747658,0.6750000000000005,0.000489206724914429,0.6750000000000005,0.002068709024527407
0.6800000000000005,0.1361930399977042,0.6800000000000005,0.5744239786719596,0.6800000000000005,1.175396257625668e-15,0.6800000000000005,8.027321349498651,0.6800000000000005,-8.798048417254128e-18,0.6800000000000005,-1.881085259507687e-16,0.6800000000000005,-1.005106527480844e-15,0.6800000000000005,-3.124550622532738e-15,0.6800000000000005,0.0002630126823747693,0.6800000000000005,0.0005081051844183526,0.6800000000000005,0.002111287334621978
0.6850000000000005,0.1381109355775793,0.6850000000000005,0.5744553164222669,0.6850000000000005,1.179755522692647e-15,0.6850000000000005,7.876029912453656,0.6850000000000005,-9.15329084904304e-18,0.6850000000000005,-1.890564328248628e-16,0.6850000000000005,-1.005685664845323e-15,0.6850000000000005,-3.137002669036649e-15,0.6850000000000005,0.0002733572897767201,0.6850000000000005,0.0005274854943184169,0.6850000000000005,0.002152970205490619
0.6900000000000005,0.1400257575603256,0.6900000000000005,0.5744872419454583,0.6900000000000005,1.184304432020287e-15,0.6900000000000005,7.727173151566526,0.6900000000000005,-9.522978422405996e-18,0.6900000000000005,-1.89961816502668e-16,0.6900000000000005,-1.00634348034187e-15,0.6900000000000005,-3.148973738585686e-15,0.6900000000000005,0.0002838955516533192,0.6900000000000005,0.0005473567462197209,0.6900000000000005,0.002193710099221268
0.6950000000000005,0.1419367168233299,0.6950000000000005,0.5745197403421151,0.6950000000000005,1.189050489143427e-15,0.6950000000000005,7.580762885653429,0.6950000000000005,-9.907696933621948e-18,0.6950000000000005,-1.908257725454019e-16,0.6950000000000005,-1.007081461557686e-15,0.6950000000000005,-3.16047683312526e-15,0.6950000000000005,0.0002946225294367919,0.6950000000000005,0.0005677283199321283,0.6950000000000005,0.00223346355128192
0.7000000000000005,0.1438430668356639,0.7000000000000005,0.5745527960807711,0.7000000000000005,1.19400143275609e-15,0.7000000000000005,7.436809198337481,0.7000000000000005,-1.030805064326459e-17,0.7000000000000005,-1.916493699708611e-16,0.7000000000000005,-1.007901170762384e-15,0.7000000000000005,-3.171524778588979e-15,0.7000000000000005,0.0003055330762791067,0.7000000000000005,0.0005886098312574761,0.7000000000000005,0.002272191207131553
0.7050000000000005,0.1457441036859428,0.7050000000000005,0.5745863930542114,0.7050000000000005,1.199165237073415e-15,0.7050000000000005,7.295320181019217,0.7050000000000005,-1.072466227554302e-17,0.7050000000000005,-1.924336488176265e-16,0.7050000000000005,-1.008804246828808e-15,0.7050000000000005,-3.182130190016624e-15,0.7050000000000005,0.0003166218557028347,0.7050000000000005,0.0006100110699785644,0.7050000000000005,0.002309857828935091
0.7100000000000005,0.1476391659005174,0.7100000000000005,0.5746205146360541,0.7100000000000005,1.20455011131022e-15,0.7100000000000005,7.156301732009538,0.7100000000000005,-1.115817294835287e-17,0.7100000000000005,-1.931796180838509e-16,0.7100000000000005,-1.009792406680025e-15,0.7100000000000005,-3.192305440964625e-15,0.7100000000000005,0.000327883360342702,0.7100000000000005,0.0006319419283057441,0.7100000000000005,0.002346432275002943
0.7150000000000005,0.1495276340676817,0.7150000000000005,0.5746551437373518,0.7150000000000005,1.210164498181182e-15,0.7150000000000005,7.019757407621963,0.7150000000000005,-1.160924202644911e-17,0.7150000000000005,-1.938882540168664e-16,0.7150000000000005,-1.010867446248569e-15,0.7150000000000005,-3.202062636949105e-15,0.7150000000000005,0.0003393119306888619,0.7150000000000005,0.0006544123202329081,0.7150000000000005,0.002381887454643234
0.7200000000000005,0.1514089302844608,0.7200000000000005,0.5746902628629642,0.7200000000000005,1.216017071322994e-15,0.7200000000000005,6.885688320581179,0.7200000000000005,-1.20785468897893e-17,0.7200000000000005,-1.945604987305735e-16,0.7200000000000005,-1.012031240932552e-15,0.7200000000000005,-3.211413592664697e-15,0.7200000000000005,0.0003509017737530628,0.7200000000000005,0.0006774320924637007,0.7200000000000005,0.002416200261107927
0.7250000000000005,0.1532825174430468,0.7250000000000005,0.5747258541675057,0.7250000000000005,1.222116731534845e-15,0.7250000000000005,6.754093080833378,0.7250000000000005,-1.256678260877198e-17,0.7250000000000005,-1.951972591284738e-16,0.7250000000000005,-1.01328574553188e-15,0.7250000000000005,-3.220369812728017e-15,0.7250000000000005,0.0003626469815880612,0.7250000000000005,0.0007010109277870257,0.7250000000000005,0.00244935148524348
0.7300000000000005,0.1551478983741889,0.7300000000000005,0.5747618995106702,0.7300000000000005,1.228472601729843e-15,0.7300000000000005,6.624967773724982,0.7300000000000005,-1.307466151780199e-17,0.7300000000000005,-1.957994061112438e-16,0.7300000000000005,-1.014632993646427e-15,0.7300000000000005,-3.2289424757024e-15,0.7300000000000005,0.0003745415495984032,0.7300000000000005,0.0007251582420025613,0.7300000000000005,0.002481325712333751
0.7350000000000005,0.1570046148647674,0.7350000000000005,0.5747983805117682,0.7350000000000005,1.235094020487058e-15,0.7350000000000005,6.498305970528419,0.7350000000000005,-1.360291267838986e-17,0.7350000000000005,-1.963677740488762e-16,0.7350000000000005,-1.016075096516697e-15,0.7350000000000005,-3.237142421169922e-15,0.7350000000000005,0.0003865793945870721,0.7350000000000005,0.0007498830757154551,0.7350000000000005,0.002512111204460397
0.7400000000000005,0.1588522465664874,0.7400000000000005,0.5748352786033306,0.7400000000000005,1.241990534091589e-15,0.7400000000000005,6.374098766419616,0.7400000000000005,-1.41522812228092e-17,0.7400000000000005,-1.969031604986054e-16,0.7400000000000005,-1.017614241286395e-15,0.7400000000000005,-3.244980139627297e-15,0.7400000000000005,0.0003987543724872986,0.7400000000000005,0.0007751939825264383,0.7400000000000005,0.002541699770516245
0.7450000000000006,0.1606904098121519,0.7450000000000006,0.5748725750836214,0.7450000000000006,1.249171886948782e-15,0.7450000000000006,6.252334841231691,0.7450000000000006,-1.472352756924666e-17,0.7450000000000006,-1.974063261510556e-16,0.7450000000000006,-1.019252688665406e-15,0.7450000000000006,-3.252465764993715e-15,0.7450000000000006,0.0004110602957321379,0.7450000000000006,0.000801098915330485,0.7450000000000006,0.002570086625802174
0.7500000000000006,0.1625187563552928,0.7500000000000006,0.5749102511679398,0.7500000000000006,1.256648010258478e-15,0.7500000000000006,6.13300053860686,0.7500000000000006,-1.531742649936814e-17,0.7500000000000006,-1.978779949882743e-16,0.7500000000000006,-1.020992769971005e-15,0.7500000000000006,-3.259609069530859e-15,0.7500000000000006,0.0004234909502163077,0.7500000000000006,0.0008276051125944552,0.7500000000000006,0.002597270242929633
0.7550000000000006,0.1643369720481813,0.7550000000000006,0.5749482880385548,0.7550000000000006,1.264429008836207e-15,0.7550000000000006,6.016079959524589,0.7550000000000006,-1.593476608931712e-17,0.7550000000000006,-1.983188546385131e-16,0.7550000000000006,-1.022836883524881e-15,0.7550000000000006,-3.266419460987532e-15,0.7550000000000006,0.0004360401118054443,0.7550000000000006,0.0008547189866026007,0.7550000000000006,0.002623252195548537
0.7600000000000006,0.166144775472326,0.7600000000000006,0.5749866668931606,0.7600000000000006,1.272525145970756e-15,0.7600000000000006,5.901555066583913,0.7600000000000006,-1.657634648537202e-17,0.7600000000000006,-1.987295569137813e-16,0.7600000000000006,-1.024787490383611e-15,0.7600000000000006,-3.272905981793856e-15,0.7600000000000006,0.0004487015623476594,0.7600000000000006,0.0008824460157298349,0.7600000000000006,0.002648036996233367
0.7650000000000006,0.167941916534633,0.7650000000000006,0.5750253689916869,0.7650000000000006,1.280946826211629e-15,0.7650000000000006,5.789405795844599,0.7650000000000006,-1.724297851583225e-17,0.7650000000000006,-1.991107185172904e-16,0.7650000000000006,-1.026847109380838e-15,0.7650000000000006,-3.279077310142162e-15,0.7650000000000006,0.0004614691051413291,0.7650000000000006,0.0009107906428189076,0.7650000000000006,0.002671631929694887
0.7700000000000006,0.1697281750413773,0.7700000000000006,0.5750643757013456,0.7700000000000006,1.28970457598585e-15,0.7700000000000006,5.679610173471481,0.7700000000000006,-1.793548213118815e-17,0.7700000000000006,-1.994629219089345e-16,0.7700000000000006,-1.029018311460511e-15,0.7700000000000006,-3.284941762803622e-15,0.7700000000000006,0.0004743365798118527,0.7700000000000006,0.0009397561816938909,0.7700000000000006,0.002694046882346243
0.7750000000000006,0.1715033592611129,0.7750000000000006,0.5751036685397426,0.7750000000000006,1.298809021951504e-15,0.7750000000000006,5.572144434865237,0.7750000000000006,-1.86546846652812e-17,0.7750000000000006,-1.99786716317874e-16,0.7750000000000006,-1.031303713282266e-15,0.7750000000000006,-3.290507299540982e-15,0.7750000000000006,0.0004872978765489295,0.7750000000000006,0.0009693447337355768,0.7750000000000006,0.002715294169142484
0.7800000000000006,0.1732673044865917,0.7800000000000006,0.575143229215928,0.7800000000000006,1.308270867005532e-15,0.7800000000000006,5.466983144388459,0.7800000000000006,-1.940141891098577e-17,0.7800000000000006,-2.000826188921203e-16,0.7800000000000006,-1.033705970082376e-15,0.7800000000000006,-3.295781528988523e-15,0.7800000000000006,0.0005003469496552509,0.7800000000000006,0.0009995571162749993,0.7800000000000006,0.002735388358532651
0.7850000000000006,0.1750198716047341,0.7850000000000006,0.5751830396692201,0.7850000000000006,1.318100863875755e-15,0.7850000000000006,5.364099314197914,0.7850000000000006,-2.017652100495286e-17,0.7850000000000006,-2.003511159757372e-16,0.7850000000000006,-1.036227767776798e-15,0.7850000000000006,-3.300771715880325e-15,0.7850000000000006,0.0005134778303575379,0.7850000000000006,0.001030392804332094,0.7850000000000006,0.002754346096311495
0.7900000000000006,0.1767609456826614,0.7900000000000006,0.5752230821056645,0.7900000000000006,1.328309786242047e-15,0.7900000000000006,5.263464521062873,0.7900000000000006,-2.098082811717533e-17,0.7900000000000006,-2.005926645048581e-16,0.7900000000000006,-1.038871814296648e-15,0.7900000000000006,-3.305484789516992e-15,0.7900000000000006,0.0005266846388320074,0.7900000000000006,0.001061849886944317,0.7900000000000006,0.002772185929130674
0.7950000000000006,0.1784904345768206,0.7950000000000006,0.5752633390319843,0.7950000000000006,1.338908397349196e-15,0.7950000000000006,5.165049020378537,0.7950000000000006,-2.181517594255123e-17,0.7950000000000006,-2.008076935142051e-16,0.7950000000000006,-1.041640830151056e-15,0.7950000000000006,-3.309927353369209e-15,0.7950000000000006,0.0005399615953987424,0.7950000000000006,0.001093925039003947,0.7950000000000006,0.002788928128422044
0.8000000000000006,0.1802082675712606,0.8000000000000006,0.575303793286901,0.8000000000000006,1.349907416094229e-15,0.8000000000000006,5.068821856867546,0.8000000000000006,-2.268039599326311e-17,0.8000000000000006,-2.009966057461216e-16,0.8000000000000006,-1.044537538217802e-15,0.8000000000000006,-3.314105695723667e-15,0.8000000000000006,0.0005533030308432412,0.8000000000000006,0.001126613509164792,0.8000000000000006,0.002804594515492647
0.8050000000000006,0.1819143940502297,0.8050000000000006,0.5753444280697095,0.8050000000000006,1.361317480594014e-15,0.8050000000000006,4.974750971698548,0.8050000000000006,-2.357731269264819e-17,0.8050000000000006,-2.011597793543534e-16,0.8050000000000006,-1.04756465276838e-15,0.8050000000000006,-3.318025801283089e-15,0.8050000000000006,0.0005667033958286321,0.8050000000000006,0.001159909124002661,0.8050000000000006,0.002819208288565963
0.8100000000000006,0.1836087822093877,0.8100000000000006,0.5753852269660176,0.8100000000000006,1.373149109264768e-15,0.8100000000000006,4.882803305937924,0.8100000000000006,-2.450674027331444e-17,0.8100000000000006,-2.012975696948878e-16,0.8100000000000006,-1.05072486774125e-15,0.8100000000000006,-3.321693363637181e-15,0.8100000000000006,0.0005801572693686498,0.8100000000000006,0.001193804308234151,0.8100000000000006,0.002832793852560755
0.8150000000000006,0.1852914178091371,0.8150000000000006,0.5754261739705779,0.8150000000000006,1.385412659473516e-15,0.8150000000000006,4.792944900389835,0.8150000000000006,-2.546947948454398e-17,0.8150000000000006,-2.014103111961252e-16,0.8150000000000006,-1.05402084428495e-15,0.8150000000000006,-3.325113798525466e-15,0.8150000000000006,0.0005936593663393108,0.8150000000000006,0.001228290120429771,0.8150000000000006,0.00284537665241111
0.8200000000000006,0.186962302972823,0.8200000000000006,0.57546725350718,0.8200000000000006,1.398118283852608e-15,0.8200000000000006,4.705140991974739,0.8200000000000006,-2.646631411652441e-17,0.8200000000000006,-2.014983193004826e-16,0.8200000000000006,-1.057455197601448e-15,0.8200000000000006,-3.328292257815896e-15,0.8200000000000006,0.0006072045440159906,0.8200000000000006,0.00126335630331409,0.8200000000000006,0.002856983010734272
0.8250000000000006,0.1886214550318764,0.8250000000000006,0.5755084504455814,0.8250000000000006,1.411275884401808e-15,0.8250000000000006,4.619356106850043,0.8250000000000006,-2.749800735163049e-17,0.8250000000000006,-2.015618924692572e-16,0.8250000000000006,-1.061030483129492e-15,0.8250000000000006,-3.3312336441253e-15,0.8250000000000006,0.0006207878076322431,0.8250000000000006,0.00129899134744064,0.8250000000000006,0.002867639970642339
0.8300000000000006,0.1902689054193492,0.8300000000000006,0.5755497501154975,0.8300000000000006,1.424895064537933e-15,0.8300000000000006,4.535554150496694,0.8300000000000006,-2.856529795581926e-17,0.8300000000000006,-2.016013142421895e-16,0.8300000000000006,-1.064749182117829e-15,0.8300000000000006,-3.333942626008592e-15,0.8300000000000006,0.0006344043149665601,0.8300000000000006,0.001335182566771961,0.8300000000000006,0.002877375144467112
0.8350000000000006,0.1919046986127333,0.8350000000000006,0.5755911383177024,0.8350000000000006,1.438985079289244e-15,0.8350000000000006,4.453698494986062,0.8350000000000006,-2.966889632619161e-17,0.8350000000000006,-2.01616855342693e-16,0.8350000000000006,-1.068613686648685e-15,0.8350000000000006,-3.336423653644013e-15,0.8350000000000006,0.0006480493799733523,0.8350000000000006,0.00137191618449406,0.8350000000000006,0.002886216569123098
0.8400000000000006,0.1935288911264589,0.8400000000000006,0.575632601332314,0.8400000000000006,1.453554783870312e-15,0.8400000000000006,4.37375206361161,0.8400000000000006,-3.080948041384326e-17,0.8400000000000006,-2.016087758191607e-16,0.8400000000000006,-1.072626284182946e-15,0.8400000000000006,-3.338680974940804e-15,0.8400000000000006,0.0006617184754840917,0.8400000000000006,0.001409177427253078,0.8400000000000006,0.002894192568771708
0.8450000000000006,0.1951415505540304,0.8450000000000006,0.5756741259243719,0.8450000000000006,1.468612580912302e-15,0.8450000000000006,4.295677413024155,0.8450000000000006,-3.198769154427238e-17,0.8450000000000006,-2.015773272121468e-16,0.8450000000000006,-1.076789141709657e-15,0.8450000000000006,-3.340718651994424e-15,0.8450000000000006,0.0006754072350137458,0.8450000000000006,0.001446950625922346,0.8450000000000006,0.002901331625371601
0.8500000000000006,0.1967427546593866,0.8500000000000006,0.5757156993468335,0.8500000000000006,1.484166366662992e-15,0.8500000000000006,4.219436812956297,0.8500000000000006,-3.320413016074106e-17,0.8500000000000006,-2.01522754736567e-16,0.8500000000000006,-1.081104289593781e-15,0.8500000000000006,-3.34254057781231e-15,0.8500000000000006,0.0006891114537158585,0.8500000000000006,0.001485219320987953,0.8500000000000006,0.002907662257607936
0.8550000000000006,0.1983325905167398,0.8550000000000006,0.5757573093411456,0.8550000000000006,1.500223476509617e-15,0.8550000000000006,4.144992323564979,0.8550000000000006,-3.44593515190784e-17,0.8550000000000006,-2.014452994673857e-16,0.8550000000000006,-1.085573605227265e-15,0.8550000000000006,-3.344150493230667e-15,0.8550000000000006,0.0007028270885368127,0.8550000000000006,0.001523966370676781,0.8550000000000006,0.002913212908590338
0.8600000000000007,0.1999111536978895,0.8600000000000007,0.5757989441355623,0.8600000000000007,1.516790630215094e-15,0.8600000000000007,4.072305870366526,0.8600000000000007,-3.575386136538324e-17,0.8600000000000007,-2.013452005165874e-16,0.8600000000000007,-1.090198796599253e-15,0.8600000000000007,-3.345552003939888e-15,0.8600000000000007,0.0007165502576257711,0.8600000000000007,0.001563174060036256,0.8600000000000007,0.002918011842599078
0.8650000000000007,0.2014785475057811,0.8650000000000007,0.5758405924413887,0.8650000000000007,1.533873877293344e-15,0.8650000000000007,4.00133931669042,0.8650000000000007,-3.708811163087245e-17,0.8650000000000007,-2.012226971885899e-16,0.8650000000000007,-1.094981385911382e-15,0.8650000000000007,-3.346748597533118e-15,0.8650000000000007,0.0007302772390612969,0.8650000000000007,0.001602824209301735,0.8650000000000007,0.002922087051045457
0.8700000000000007,0.2030348822529052,0.8700000000000007,0.5758822434473454,0.8700000000000007,1.551478542981625e-15,0.8700000000000007,3.932054533537614,0.8700000000000007,-3.846249618065265e-17,0.8700000000000007,-2.010780311006695e-16,0.8700000000000007,-1.099922693373366e-15,0.8700000000000007,-3.347743660489388e-15,0.8700000000000007,0.000744004468958897,0.8700000000000007,0.001642898280047264,0.8700000000000007,0.002925466167698985
0.8750000000000007,0.204580274582993,0.8750000000000007,0.5759238868122603,0.8750000000000007,1.569609175295909e-15,0.8750000000000007,3.864413466699776,0.8750000000000007,-3.987734665539826e-17,0.8750000000000007,-2.009114482544633e-16,0.8750000000000007,-1.105023821322171e-15,0.8750000000000007,-3.348540494999747e-15,0.8750000000000007,0.000757728539025522,0.8750000000000007,0.001683377477798781,0.8750000000000007,0.002928176393124729
0.8800000000000007,0.2061148468343765,0.8800000000000007,0.5759655126562759,0.8800000000000007,1.588269493678591e-15,0.8800000000000007,3.798378200977161,0.8800000000000007,-4.13329284467286e-17,0.8800000000000007,-2.007232010442205e-16,0.8800000000000007,-1.110285638814733e-15,0.8800000000000007,-3.349142335542251e-15,0.8800000000000007,0.000771446193627573,0.8800000000000007,0.001724242849986975,0.8800000000000007,0.002930244428171786
0.8850000000000007,0.2076387264432934,0.8850000000000007,0.5760071115507887,0.8850000000000007,1.607462339765236e-15,0.8850000000000007,3.733911021325315,0.8850000000000007,-4.282943684840397e-17,0.8850000000000007,-2.005135501872106e-16,0.8850000000000007,-1.11570876684916e-15,0.8850000000000007,-3.349552365109502e-15,0.8850000000000007,0.0007851543264383062,0.8850000000000007,0.001765475378321501,0.8850000000000007,0.002931696416261013
0.8900000000000007,0.2091520453853989,0.8900000000000007,0.576048674507293,0.8900000000000007,1.627189630807869e-15,0.8900000000000007,3.670974470763744,0.8900000000000007,-4.436699342625784e-17,0.8900000000000007,-2.002827665615932e-16,0.8900000000000007,-1.121293564372423e-15,0.8900000000000007,-3.349773730991001e-15,0.8900000000000007,0.00079884997672879,0.8900000000000007,0.001807056064871562,0.8900000000000007,0.002932557894138738
0.8950000000000007,0.2106549396537083,0.8950000000000007,0.5760901929653387,0.8950000000000007,1.647452316295725e-15,0.8950000000000007,3.609531404891561,0.8950000000000007,-4.594564264997583e-17,0.8950000000000007,-2.000311329371367e-16,0.8950000000000007,-1.127040115233425e-15,0.8950000000000007,-3.349809560012049e-15,0.8950000000000007,0.0008125303253639804,0.8950000000000007,0.001848966011333817,0.8950000000000007,0.002932853750694268
0.9000000000000007,0.2121475487712121,0.9000000000000007,0.5761316587797619,0.9000000000000007,1.668250338309651e-15,0.9000000000000007,3.549545042875058,0.9000000000000007,-4.756534882937307e-17,0.9000000000000007,-1.997589455844437e-16,0.9000000000000007,-1.132948216238857e-15,0.9000000000000007,-3.349662973131285e-15,0.9000000000000007,0.0008261926905621256,0.9000000000000007,0.001891186491151756,0.9000000000000007,0.002932608193383517
0.9050000000000007,0.2136300153364125,0.9050000000000007,0.5761730642073584,0.9050000000000007,1.689582596133159e-15,0.9050000000000007,3.490979014797794,0.9050000000000007,-4.9225993396678e-17,0.9050000000000007,-1.994665157488388e-16,0.9050000000000007,-1.139017366465323e-15,0.9050000000000007,-3.349337099300582e-15,0.9050000000000007,0.0008398345234718257,0.9050000000000007,0.001933699014317719,0.9050000000000007,0.002931844721758766
0.9100000000000007,0.2151024846000691,0.9100000000000007,0.5762144018931575,0.9100000000000007,1.711446915620955e-15,0.9100000000000007,3.433797405293673,0.9100000000000007,-5.092737257445888e-17,0.9100000000000007,-1.991541709757884e-16,0.9100000000000007,-1.145246757974642e-15,0.9100000000000007,-3.348835088493836e-15,0.9100000000000007,0.0008534534036167978,0.9100000000000007,0.001976485384836693,0.9100000000000007,0.002930586107575132
0.9150000000000007,0.2165651040714772,0.9150000000000007,0.5762556648564235,0.9150000000000007,1.733840023794527e-15,0.9150000000000007,3.377964793416227,0.9150000000000007,-5.266919546624204e-17,0.9150000000000007,-1.988222562756695e-16,0.9150000000000007,-1.151635268070006e-15,0.9150000000000007,-3.348160123815301e-15,0.9150000000000007,0.0008670470342538655,0.9150000000000007,0.002019527750958683,0.9150000000000007,0.002928854380927124
0.9200000000000007,0.2180180231526551,0.9200000000000007,0.5762968464765182,0.9200000000000007,1.756757529094191e-15,0.9200000000000007,3.323446288730679,0.9200000000000007,-5.445108260355326e-17,0.9200000000000007,-1.984711351168792e-16,0.9200000000000007,-1.158181453218868e-15,0.9200000000000007,-3.34731543260374e-15,0.9200000000000007,0.0008806132376850518,0.9200000000000007,0.002062808648393275,0.9200000000000007,0.002926670821862186
0.9250000000000007,0.2194613927988705,0.9250000000000007,0.5763379404787269,0.9250000000000007,1.780193907667974e-15,0.9250000000000007,3.270207563648734,0.9250000000000007,-5.627256497910002e-17,0.9250000000000007,-1.981011902376726e-16,0.9250000000000007,-1.164883544753992e-15,0.9250000000000007,-3.346304296455551e-15,0.9250000000000007,0.0008941499505600271,0.9250000000000007,0.002106311036806376,0.9250000000000007,0.002924055956921587
0.9300000000000007,0.2208953652039966,0.9300000000000007,0.5763789409201499,0.9300000000000007,1.804142496020626e-15,0.9300000000000007,3.218214882057701,0.9300000000000007,-5.813308359115337e-17,0.9300000000000007,-1.977128242687271e-16,0.9300000000000007,-1.171739446447372e-15,0.9300000000000007,-3.345130060098354e-15,0.9300000000000007,0.0009076552192006471,0.9300000000000007,0.002150018329966062,0.9300000000000007,0.002921029560070627
0.9350000000000007,0.2223200935092454,0.9350000000000007,0.576419842175741,0.9350000000000007,1.828595490281366e-15,0.9350000000000007,3.167435124325114,0.9350000000000007,-6.003198951892456e-17,0.9350000000000007,-1.973064601602171e-16,0.9350000000000007,-1.178746734032695e-15,0.9350000000000007,-3.343796139056142e-15,0.9350000000000007,0.0009211271949749503,0.9350000000000007,0.002193914419953387,0.9350000000000007,0.002917610657498649
0.9400000000000007,0.2237357315338983,0.9400000000000007,0.5764606389245595,0.9400000000000007,1.853543952277922e-15,0.9400000000000007,3.117835808786246,0.9400000000000007,-6.196854454297204e-17,0.9400000000000007,-1.968825414091469e-16,0.9400000000000007,-1.185902656731204e-15,0.9400000000000007,-3.342306026057925e-15,0.9400000000000007,0.0009345641297439144,0.9400000000000007,0.002237983695886902,0.9400000000000007,0.00291381753579335
0.9450000000000007,0.2251424335267059,0.9450000000000007,0.5765013261363006,0.9450000000000007,1.878977822527945e-15,0.9450000000000007,3.069385109845134,0.9450000000000007,-6.394192231848178e-17,0.9450000000000007,-1.964415320847771e-16,0.9450000000000007,-1.193204140813376e-15,0.9450000000000007,-3.340663296153626e-15,0.9450000000000007,0.0009479643714003905,0.9450000000000007,0.002282211057628067,0.9450000000000007,0.002909667753021991
0.9500000000000007,0.2265403539367012,0.9500000000000007,0.5765418990581531,0.9500000000000007,1.904885940178528e-15,0.9500000000000007,3.022051872838788,0.9500000000000007,-6.595121010278929e-17,0.9500000000000007,-1.959839166521593e-16,0.9500000000000007,-1.200647795205254e-15,0.9500000000000007,-3.3388716105138e-15,0.9500000000000007,0.0009613263595161967,0.9500000000000007,0.002326581924941471,0.9500000000000007,0.002905178152283157
0.9550000000000007,0.2279296472022319,0.9550000000000007,0.5765823532020122,0.9550000000000007,1.931256069841719e-15,0.9550000000000007,2.975805625830068,0.9550000000000007,-6.799541103182386e-17,0.9550000000000007,-1.955101995960419e-16,0.9550000000000007,-1.208229919124015e-15,0.9550000000000007,-3.336934718903061e-15,0.9550000000000007,0.0009746486211100841,0.9550000000000007,0.002371082242579859,0.9550000000000007,0.002900364877325639
0.9600000000000007,0.229310467557069,0.9600000000000007,0.5766226843320946,0.9600000000000007,1.95807493519016e-15,0.9600000000000007,2.93061658850639,0.9600000000000007,-7.007344693344763e-17,0.9600000000000007,-1.950209048496584e-16,0.9600000000000007,-1.215946511702748e-15,0.9600000000000007,-3.33485646083101e-15,0.9600000000000007,0.0009879297665464774,0.9600000000000007,0.002415698481752297,0.9600000000000007,0.002895243389864736
0.9650000000000007,0.2306829688525228,0.9650000000000007,0.5766628884529655,0.9650000000000007,1.985328259094084e-15,0.9650000000000007,2.886455678369955,0.9650000000000007,-7.218416165900294e-17,0.9650000000000007,-1.945165750351325e-16,0.9650000000000007,-1.223793283540172e-15,0.9650000000000007,-3.332640765398459e-15,0.9650000000000007,0.001001168485572329,0.9650000000000007,0.002460417638415562,0.9650000000000007,0.002889828488260275
0.9700000000000008,0.2320473043945434,0.9700000000000008,0.5767029617979956,0.9700000000000008,2.013000810000486e-15,0.9700000000000008,2.843294514410113,0.9700000000000008,-7.432632490796903e-17,0.9700000000000008,-1.939977705243838e-16,0.9700000000000008,-1.231765670087406e-15,0.9700000000000008,-3.330291649870591e-15,0.9700000000000008,0.001014363543497211,0.9700000000000008,0.002505227228805723,0.9700000000000008,0.002884134327253814
0.9750000000000008,0.2334036267948418,0.9750000000000008,0.5767429008182609,0.9750000000000008,2.041076454178828e-15,0.9750000000000008,2.801105418450943,0.9750000000000008,-7.649863651452514e-17,0.9750000000000008,-1.934650683314454e-16,0.9750000000000008,-1.239858846761533e-15,0.9750000000000008,-3.327813217022373e-15,0.9750000000000008,0.001027513777519791,0.9750000000000008,0.002550115282600483,0.9750000000000008,0.002878174438494983
0.9800000000000008,0.23475208783512,0.9800000000000008,0.5767827021718916,0.9800000000000008,2.069538213387014e-15,0.9800000000000008,2.759861414366347,0.9800000000000008,-7.86997311592273e-17,0.9800000000000008,-1.929190608489749e-16,0.9800000000000008,-1.248067745654964e-15,0.9800000000000008,-3.325209651314347e-15,0.9800000000000008,0.001040618093202243,0.9800000000000008,0.002595070334074308,0.9800000000000008,0.002871961751617535
0.9850000000000008,0.236092838343555,0.9850000000000008,0.5768223627138584,0.9850000000000008,2.098368327447645e-15,0.9850000000000008,2.719536225352535,0.9850000000000008,-8.092818346396066e-17,0.9850000000000008,-1.923603544434117e-16,0.9850000000000008,-1.256387073690968e-15,0.9850000000000008,-3.322485213969105e-15,0.9850000000000008,0.001053675461092659,0.9850000000000008,0.002640081411578549,0.9850000000000008,0.002865508615654839
0.9900000000000008,0.2374260280827145,0.9900000000000008,0.5768618794862149,0.9900000000000008,2.127548321169149e-15,0.9900000000000008,2.680104269443048,0.9900000000000008,-8.318251342398064e-17,0.9900000000000008,-1.917895679246812e-16,0.9900000000000008,-1.264811332059477e-15,0.9900000000000008,-3.319644237029572e-15,0.9900000000000008,0.001066684913494414,0.9900000000000008,0.002685138025648779,0.9900000000000008,0.002858826820611646
0.9950000000000008,0.238751805648151,0.9950000000000008,0.5769012497087666,0.9950000000000008,2.157059075000334e-15,0.9950000000000008,2.641540653445349,0.9950000000000008,-8.546119212727406e-17,0.9950000000000008,-1.912073309075335e-16,0.9950000000000008,-1.273334836753783e-15,0.9950000000000008,-3.316691116490044e-15,0.9950000000000008,0.00107964554138039,0.9950000000000008,0.002730230156011885,0.9950000000000008,0.002851927619033958
1,0.2400703183769456,1,0.5769404707701705,1,2.18688089877083e-15,1,2.603821165470613,1,-8.776264770868976e-17,1,-1.906142820825191e-16,1,-1.281951740018181e-15,1,-3.313630304598906e-15,1,0.00109255649144925,1,0.002775348237736666,1,0.002844821747441861
