vdsat X,vdsat Y,vth X,vth Y,cdd X,cdd Y,gmoverid X,gmoverid Y,cdb X,cdb Y,csb X,csb Y,cgs X,cgs Y,cgd X,cgd Y,id X,id Y,gds X,gds Y,gm X,gm Y
0,0.03846840677741757,0,0.4660133265412792,0,1.073245112102113e-15,0,31.68520137104107,0,-6.372378185042739e-19,0,-5.550249953732805e-17,0,-1.298455870875699e-15,0,-1.069758835946027e-15,0,9.292865288510197e-12,0,5.337492118113587e-12,0,2.931986909113311e-10
0.005,0.03846843682265299,0.005,0.4660133265412792,0.005,1.073605534360976e-15,0.005,31.68207497450724,0.005,-6.606980051216695e-19,0.005,-5.752944192458869e-17,0.005,-1.301944085844067e-15,0.005,-1.070007798231404e-15,0.005,1.087936001012769e-11,0.005,6.253387760363374e-12,0.005,3.434941660874042e-10
0.01,0.03846847202136607,0.01,0.4660133265412792,0.01,1.073973209006454e-15,0.01,31.67867803275589,0.01,-6.850611956155166e-19,0.01,-5.963318118069827e-17,0.01,-1.305325441765412e-15,0.01,-1.070261507413443e-15,0.01,1.273836209346369e-11,0.01,7.326296218532382e-12,0.01,4.024073570415912e-10
0.015,0.0384685132564203,0.015,0.4660133265412792,0.015,1.074348297427906e-15,0.015,31.67498646571296,0.015,-7.103933266731965e-19,0.015,-6.181928901070028e-17,0.015,-1.308603253145925e-15,0.015,-1.070519964950003e-15,0.015,1.49165473439417e-11,0.015,8.583092757197125e-12,0.015,4.714120966724053e-10
0.02,0.03846856156162825,0.02,0.4660133265412792,0.02,1.074730971616488e-15,0.02,31.67097402301617,0.02,-7.367678371081495e-19,0.02,-6.40939710026997e-17,0.02,-1.311783723480483e-15,0.02,-1.070783150821847e-15,0.02,1.746857256061567e-11,0.02,1.005524133977021e-11,0.02,5.522335238562971e-10
0.025,0.0384686181474783,0.025,0.4660133265412792,0.025,1.075121415860522e-15,0.025,31.66661209059794,0.025,-7.642665333407255e-19,0.025,-6.646413908057884e-17,0.025,-1.314876440731598e-15,0.025,-1.071051020259254e-15,0.025,2.045843590337364e-11,0.025,1.177957495216028e-11,0.025,6.46890726064757e-10
0.03,0.03846868443122267,0.03,0.4660133265412792,0.03,1.075519828678428e-15,0.03,31.66186948095024,0.03,-7.929805553401947e-19,0.03,-6.893749221422064e-17,0.03,-1.317894939941344e-15,0.03,-1.071323500049726e-15,0.03,2.396106795832809e-11,0.03,1.37992077512876e-11,0.03,7.577465602664308e-10
0.035,0.03846876207206062,0.035,0.4660133265412792,0.035,1.075926425018212e-15,0.035,31.65671220591088,0.035,-8.230114544722725e-19,0.035,-7.152260629775425e-17,0.035,-1.320857341076819e-15,0.035,-1.071600484376632e-15,0.035,2.80641922989399e-11,0.035,1.616460106697774e-11,0.035,8.875658445696248e-10
0.04,0.03846885301227088,0.04,0.4660133265412792,0.04,1.076341438755659e-15,0.04,31.65110323075475,0.04,-8.54472395896097e-19,0.04,-7.42290341981352e-17,0.04,-1.323787071073136e-15,0.04,-1.071881830133166e-15,0.04,3.287050077517567e-11,0.04,1.893480889985966e-11,0.04,1.039583306744362e-09
0.045,0.03846895952528926,0.045,0.4660133265412792,0.045,1.076765125526817e-15,0.045,31.64500220837353,0.045,-8.874894995977293e-19,0.045,-7.706741707658375e-17,0.045,-1.326713679982421e-15,0.045,-1.072167351649941e-15,0.045,3.850019623994889e-11,0.045,2.217893274628316e-11,0.045,1.217582899680303e-09
0.05,0.03846908427189046,0.05,0.4660133265412792,0.05,1.077197765934179e-15,0.05,31.63836519228447,0.05,-9.22203335603634e-19,0.05,-8.004960819416794e-17,0.05,-1.329673762164314e-15,0.05,-1.072456814767981e-15,0.05,4.509396410333289e-11,0.05,2.597782043009627e-11,0.05,1.425990352369209e-09
0.05499999999999999,0.03846923036582348,0.05499999999999999,0.4660133265412792,0.05499999999999999,1.077639669170084e-15,0.05499999999999999,31.63114432723213,0.05499999999999999,-9.58770590582104e-19,0.05499999999999999,-8.318881052992937e-17,0.05499999999999999,-1.332711994563248e-15,0.05499999999999999,-1.07274993018174e-15,0.05499999999999999,5.281644417547459e-11,0.05499999999999999,3.042604922779037e-11,0.05499999999999999,1.669981123059541e-09
0.05999999999999999,0.0384694014504693,0.05999999999999999,0.4660133265412792,0.05999999999999999,1.0780911771055e-15,0.05999999999999999,31.62328751614672,0.05999999999999999,-9.973659248205622e-19,0.05999999999999999,-8.649972966468698e-17,0.05999999999999999,-1.335882305305175e-15,0.05999999999999999,-1.073046345969175e-15,0.05999999999999999,6.186028593012888e-11,0.05999999999999999,3.563424004815153e-11,0.05999999999999999,1.955606264310786e-09
0.06499999999999999,0.03846960178834398,0.06499999999999999,0.4660133265412792,0.06499999999999999,1.078552668897342e-15,0.06499999999999999,31.61473806229681,0.06499999999999999,-1.038184040604581e-18,0.06499999999999999,-8.999874351444939e-17,0.06499999999999999,-1.339249187100744e-15,0.06499999999999999,-1.073345639217904e-15,0.06499999999999999,7.245088383207127e-11,0.06499999999999999,4.173175689362458e-11,0.06499999999999999,2.289939103865425e-09
0.06999999999999999,0.03846983636556421,0.06999999999999999,0.4660133265412792,0.06999999999999999,1.079024566173056e-15,0.06999999999999999,31.60543428554048,0.06999999999999999,-1.081441984939498e-18,0.06999999999999999,-9.370409063160417e-17,0.06999999999999999,-1.342889171242743e-15,0.06999999999999999,-1.073647306648248e-15,0.06999999999999999,8.485190499571242e-11,0.06999999999999999,4.886985442638277e-11,0.06999999999999999,2.681246097281851e-09
0.075,0.03847011101373085,0.075,0.4660133265412792,0.075,1.079507338857246e-15,0.075,31.59530911170681,0.075,-1.127381711909044e-18,0.075,-9.763607892551051e-17,0.075,-1.346892479301936e-15,0.075,-1.073950754125759e-15,0.075,9.937173948610139e-11,0.075,5.722534634102343e-11,0.075,3.13918572547359e-09
0.08,0.03847043255207662,0.08,0.4660133265412792,0.08,1.08000151171181e-15,0.08,31.58428963431924,0.08,-1.176272932019041e-18,0.08,-1.018173167805231e-16,0.08,-1.351364870907002e-15,0.08,-1.07425528494808e-15,0.08,1.16371024382736e-10,0.08,6.7004878577317e-11,0.08,3.675039900631704e-09
0.08500000000000001,0.03847080895317245,0.08500000000000001,0.4660133265412792,0.08500000000000001,1.080507671668303e-15,0.08500000000000001,31.57229664810644,0.08500000000000001,-1.228416278186887e-18,0.08500000000000001,-1.062729686596951e-16,0.08500000000000001,-1.356429707171186e-15,0.08500000000000001,-1.074560086784209e-15,0.08500000000000001,1.362714166878919e-10,0.08500000000000001,7.844990437598153e-11,0.08500000000000001,4.301983015971861e-09
0.09000000000000001,0.03847124953600211,0.09000000000000001,0.4660133265412792,0.09000000000000001,1.081026476039135e-15,0.09000000000000001,31.55924415405072,0.09000000000000001,-1.284146819981178e-18,0.09000000000000001,-1.11031037363642e-16,0.09000000000000001,-1.362230250298299e-15,0.09000000000000001,-1.074864217139254e-15,0.09000000000000001,1.595658177049833e-10,0.09000000000000001,9.184247298913184e-11,0.09000000000000001,5.035394537305555e-09
0.09500000000000001,0.03847176519080367,0.09500000000000001,0.4660133265412792,0.09500000000000001,1.081558661702726e-15,0.09500000000000001,31.545038836128,0.09500000000000001,-1.343837959509567e-18,0.09500000000000001,-1.161226751486992e-16,0.09500000000000001,-1.368932220525287e-15,0.09500000000000001,-1.075166587215633e-15,0.09500000000000001,1.868302831146282e-10,0.09500000000000001,1.075119607202404e-10,0.09500000000000001,5.893221896843553e-09
0.1,0.03847236864074959,0.1,0.4660133265412792,0.1,1.082105055366819e-15,0.1,31.52957951039039,0.1,-1.407905743441588e-18,0.1,-1.21582525872865e-16,0.1,-1.376726631648747e-15,0.1,-1.075465944043921e-15,0.1,2.187378891593707e-10,0.1,1.25842892113782e-10,0.1,6.896401421235799e-09
0.105,0.03847307474630299,0.105,0.4660133265412792,0.105,1.08266658502368e-15,0.105,31.51275654766111,0.105,-1.476813626040057e-18,0.105,-1.274491002007615e-16,0.105,-1.385832925688015e-15,0.105,-1.075760850764944e-15,0.105,2.560748666811868e-10,0.105,1.472840207781848e-10,0.105,8.069346115722284e-09
0.11,0.03847390085895804,0.11,0.4660133265412792,0.11,1.083244292720798e-15,0.11,31.49445127187756,0.11,-1.551077717019923e-18,0.11,-1.337651856192976e-16,0.11,-1.396502425432019e-15,0.11,-1.076049664961974e-15,0.11,2.997593618516217e-10,0.11,1.723588637461745e-10,0.11,9.440510342817071e-09
0.115,0.03847486723205425,0.115,0.4660133265412792,0.115,1.083839348780568e-15,0.115,31.47453533704256,0.115,-1.631272545305989e-18,0.115,-1.40578292542064e-16,0.115,-1.409022120283751e-15,0.115,-1.07633051497091e-15,0.115,3.508632359446139e-10,0.115,2.01677910688227e-10,0.115,1.104304278431827e-08
0.12,0.03847599749746381,0.12,0.4660133265412792,0.12,1.084453067612006e-15,0.12,31.45287008685814,0.12,-1.718037364456898e-18,0.12,-1.479411370479998e-16,0.12,-1.423718795431731e-15,0.12,-1.076601274141285e-15,0.12,4.10637377109616e-10,0.12,2.359527599162987e-10,0.12,1.291554056476815e-08
0.125,0.0384773192181902,0.125,0.4660133265412792,0.125,1.085086925266167e-15,0.125,31.42930590243743,0.125,-1.812083016797046e-18,0.125,-1.559121597294792e-16,0.125,-1.440963506300781e-15,0.125,-1.07685953308654e-15,0.125,4.80541065509281e-10,0.125,2.760124671355511e-10,0.125,1.510291904496854e-08
0.13,0.03847886452830113,0.13,0.4660133265412792,0.13,1.085742578893889e-15,0.13,31.40368154505493,0.13,-1.914199360357976e-18,0.13,-1.645560786227082e-16,0.13,-1.461176388698046e-15,0.13,-1.07710257005392e-15,0.13,5.622760100943307e-10,0.13,3.228224304627217e-10,0.13,1.765741356384438e-08
0.135,0.0384806708731501,0.135,0.4660133265412792,0.135,1.086421888268782e-15,0.135,31.37582350272401,0.135,-2.02526324394994e-18,0.135,-1.739444721510181e-16,0.135,-1.484831779186288e-15,0.135,-1.077327319669311e-15,0.135,6.578257613780056e-10,0.135,3.775061764015323e-10,0.135,2.063973130834889e-08
0.14,0.03848278186452579,0.14,0.4660133265412792,0.14,1.08712693953858e-15,0.14,31.34554535149562,0.14,-2.146246990273045e-18,0.14,-1.84156385310298e-16,0.14,-1.512463598999319e-15,0.14,-1.077530340477383e-15,0.14,7.695013004691662e-10,0.14,4.413704562188133e-10,0.14,2.412037350947704e-08
0.145,0.03848524818191108,0.145,0.4660133265412792,0.145,1.087860054560719e-15,0.145,31.3096623088269,0.145,-2.278222897341334e-18,0.145,-1.952785770268174e-16,0.145,-1.543618161787631e-15,0.145,-1.077707783837042e-15,0.145,8.999891979751494e-10,0.145,5.159315327702728e-10,0.145,2.817832264644432e-08
0.15,0.03848812851847072,0.15,0.4660133265412792,0.15,1.088623792731831e-15,0.15,31.2695011193464,0.15,-2.42236466082572e-18,0.15,-2.074054843997475e-16,0.15,-1.579499293001842e-15,0.15,-1.077855369472533e-15,0.15,1.052402312020511e-09,0.15,6.029425819424809e-10,0.15,3.290808928900595e-08
0.1550000000000001,0.03849149128006229,0.1550000000000001,0.4660133265412792,0.1550000000000001,1.089421066435653e-15,0.1550000000000001,31.22629728009782,0.1550000000000001,-2.579978514946581e-18,0.1550000000000001,-2.206416548156654e-16,0.1550000000000001,-1.62136237996064e-15,0.1550000000000001,-1.077968347500039e-15,0.1550000000000001,1.230370568466572e-09,0.1550000000000001,7.044435432941119e-10,0.1550000000000001,3.841994062988713e-08
0.1600000000000001,0.03849541591211609,0.1600000000000001,0.4660133265412792,0.1600000000000001,1.09025513527821e-15,0.1600000000000001,31.17981015506934,0.1600000000000001,-2.752502643785666e-18,0.1600000000000001,-2.351014613799861e-16,0.1600000000000001,-1.670029196545633e-15,0.1600000000000001,-1.078041471442946e-15,0.1600000000000001,1.438112380093509e-09,0.1600000000000001,8.22799330890542e-10,0.1600000000000001,4.484012440841162e-08
0.1650000000000001,0.03849999458073704,0.1650000000000001,0.4660133265412792,0.1650000000000001,1.091129638578304e-15,0.1650000000000001,31.12978417449197,0.1650000000000001,-2.94151487896219e-18,0.1650000000000001,-2.509094727045011e-16,0.1650000000000001,-1.726406669276464e-15,0.1650000000000001,-1.078068976522646e-15,0.1650000000000001,1.680525243162507e-09,0.1650000000000001,9.607482996313271e-10,0.1650000000000001,5.231447212209572e-08
0.1700000000000001,0.0385053341122598,0.1700000000000001,0.4660133265412792,0.1700000000000001,1.092048634283661e-15,0.1700000000000001,31.07594870353809,0.1700000000000001,-3.148740533644969e-18,0.1700000000000001,-2.682007801813549e-16,0.1700000000000001,-1.791490588125506e-15,0.1700000000000001,-1.078044565500957e-15,0.1700000000000001,1.963290598073779e-09,0.1700000000000001,1.121457971084562e-09,0.1700000000000001,6.1011233419604e-08
0.1750000000000001,0.03851155820239603,0.1750000000000001,0.4660133265412792,0.1750000000000001,1.093016640404592e-15,0.1750000000000001,31.01801808655055,0.1750000000000001,-3.376058915876975e-18,0.1750000000000001,-2.871211516790393e-16,0.1750000000000001,-1.866368044673732e-15,0.1750000000000001,-1.077961405369014e-15,0.1750000000000001,2.292993745883905e-09,0.1750000000000001,1.308588247486921e-09,0.1750000000000001,7.112426967506314e-08
0.1800000000000001,0.03851880992538604,0.1800000000000001,0.4660133265412792,0.1800000000000001,1.094038678720249e-15,0.1800000000000001,30.95569190396404,0.1800000000000001,-3.62550794208923e-18,0.1800000000000001,-3.078269543141361e-16,0.1800000000000001,-1.952218138135464e-15,0.1800000000000001,-1.077812138389462e-15,0.1800000000000001,2.677260698739529e-09,0.1800000000000001,1.526362912346349e-09,0.1800000000000001,8.287663971042834e-08
0.1850000000000001,0.03852725457503688,0.1850000000000001,0.4660133265412792,0.1850000000000001,1.095120320380326e-15,0.1850000000000001,30.88865548268741,0.1850000000000001,-3.899286195066837e-18,0.1850000000000001,-3.304847825476449e-16,0.1850000000000001,-2.050310434175849e-15,0.1850000000000001,-1.077588911390578e-15,0.1850000000000001,3.1249140072403e-09,0.1850000000000001,1.779650249033689e-09,0.1850000000000001,9.652461056453744e-08
0.1900000000000001,0.03853708287044815,0.1900000000000001,0.4660133265412792,0.1900000000000001,1.096267732874842e-15,0.1900000000000001,30.81658070386467,0.1900000000000001,-4.199751719970288e-18,0.1900000000000001,-3.552707241527665e-16,0.1900000000000001,-2.162000626185556e-15,0.1900000000000001,-1.077283427438334e-15,0.1900000000000001,3.646149770180124e-09,0.1900000000000001,2.07405362861397e-09,0.1900000000000001,1.123621252403313e-07
0.1950000000000001,0.03854851455936463,0.1950000000000001,0.4660133265412792,0.1950000000000001,1.097487727682899e-15,0.1950000000000001,30.73912715427357,0.1950000000000001,-4.529416844057082e-18,0.1950000000000001,-3.823691972146294e-16,0.1950000000000001,-2.288722846629179e-15,0.1950000000000001,-1.076887023976882e-15,0.1950000000000001,4.252738187030732e-09,0.1950000000000001,2.416012920544434e-09,0.1950000000000001,1.307257572921803e-07
0.2000000000000001,0.038561802451167,0.2000000000000001,0.4660133265412792,0.2000000000000001,1.098787807748495e-15,0.2000000000000001,30.65594366876811,0.2000000000000001,-4.890938360451556e-18,0.2000000000000001,-4.119712980368947e-16,0.2000000000000001,-2.431978121648898e-15,0.2000000000000001,-1.076390781120179e-15,0.2000000000000001,4.958250154887225e-09,0.2000000000000001,2.812917559777886e-09,0.2000000000000001,1.520001787361785e-07
0.2050000000000001,0.03857723690918145,0.2050000000000001,0.4660133265412792,0.2050000000000001,1.100176213782984e-15,0.2050000000000001,30.56667031060944,0.2050000000000001,-5.287102552246418e-18,0.2050000000000001,-4.442726143678554e-16,0.2050000000000001,-2.593318569400453e-15,0.2050000000000001,-1.075785662892042e-15,0.2050000000000001,5.778312532333954e-09,0.2050000000000001,3.273232055805333e-09,0.2050000000000001,1.766241628797883e-07
0.2100000000000001,0.0385951508278598,0.2100000000000001,0.4660133265412792,0.2100000000000001,1.101661968279186e-15,0.2100000000000001,30.47094083368479,0.2100000000000001,-5.720804765823165e-18,0.2100000000000001,-4.794704820181953e-16,0.2100000000000001,-2.774327122622878e-15,0.2100000000000001,-1.075062692768794e-15,0.2100000000000001,6.73089478481013e-09,0.2100000000000001,3.806634647489653e-09,0.2100000000000001,2.050971371020588e-07
0.2150000000000001,0.03861592511400937,0.2150000000000001,0.4660133265412792,0.2150000000000001,1.103254916064763e-15,0.2150000000000001,30.36838566482288,0.2150000000000001,-6.195023577078525e-18,0.2150000000000001,-5.177606961314862e-16,0.2150000000000001,-2.976592812858599e-15,0.2150000000000001,-1.074213162852506e-15,0.2150000000000001,7.836629780784007e-09,0.2150000000000001,4.424169686360972e-09,0.2150000000000001,2.379862922484134e-07
0.2200000000000001,0.03863999468213979,0.2200000000000001,0.4660133265412792,0.2200000000000001,1.104965760246264e-15,0.2200000000000001,30.25863543495737,0.2200000000000001,-6.712790022659295e-18,0.2200000000000001,-5.59333730099658e-16,0.2200000000000001,-3.201681980810796e-15,0.2200000000000001,-1.073228873453715e-15,0.2200000000000001,9.119171516078845e-09,0.2200000000000001,5.138414164822143e-09,0.2200000000000001,2.759342450834549e-07
0.2250000000000001,0.03866785496162417,0.2250000000000001,0.4660133265412792,0.2250000000000001,1.106806092521766e-15,0.2250000000000001,30.14132507405103,0.2250000000000001,-7.277152861932846e-18,0.2250000000000001,-6.04370562593886e-16,0.2250000000000001,-3.45110615349388e-15,0.2250000000000001,-1.072102396961577e-15,0.2250000000000001,1.060559249551273e-08,0.2250000000000001,5.963658589608727e-09,0.2250000000000001,3.196672382170481e-07
0.2300000000000001,0.03870006889721551,0.2300000000000001,0.4660133265412792,0.2300000000000001,1.108788417083212e-15,0.2300000000000001,30.01609846578833,0.2300000000000001,-7.891141344485428e-18,0.2300000000000001,-6.530382616537859e-16,0.2300000000000001,-3.726287717324608e-15,0.2300000000000001,-1.07082735691873e-15,0.2300000000000001,1.232682338842519e-08,0.2300000000000001,6.916102131234871e-09,0.2300000000000001,3.700038482483212e-07
0.2350000000000001,0.0387372744040287,0.2350000000000001,0.4660133265412792,0.2350000000000001,1.110926167690915e-15,0.2350000000000001,29.88261363355572,0.2350000000000001,-8.557727414371219e-18,0.2350000000000001,-7.054855178240709e-16,0.2350000000000001,-4.028524866666183e-15,0.2350000000000001,-1.069398710592862e-15,0.2350000000000001,1.43181374002218e-08,0.2350000000000001,8.014061655151554e-09,0.2350000000000001,4.278641578575624e-07
0.2400000000000001,0.03878019221299405,0.2400000000000001,0.4660133265412792,0.2400000000000001,1.113233717967095e-15,0.2400000000000001,29.74054839889607,0.2400000000000001,-9.279789607534169e-18,0.2400000000000001,-7.618383487021516e-16,0.2400000000000001,-4.358957561893865e-15,0.2400000000000001,-1.067813021493881e-15,0.2400000000000001,1.661968155997464e-08,0.2400000000000001,9.278193860371488e-09,0.2400000000000001,4.942793316494795e-07
0.2450000000000001,0.03882963401277088,0.2450000000000001,0.4660133265412792,0.2450000000000001,1.115726385489047e-15,0.2450000000000001,29.58960641762089,0.2450000000000001,-1.006008101946762e-17,0.2450000000000001,-8.221962082426955e-16,0.2450000000000001,-4.718536335460984e-15,0.2450000000000001,-1.066068707639777e-15,0.2450000000000001,1.927705671739228e-08,0.2450000000000001,1.073172931954215e-08,0.2450000000000001,5.704015192547582e-07
0.2500000000000001,0.03888651075918883,0.2500000000000001,0.4660133265412792,0.2500000000000001,1.118420430815192e-15,0.2500000000000001,29.42952345787151,0.2500000000000001,-1.090120358465813e-17,0.2500000000000001,-8.866287211861748e-16,0.2500000000000001,-5.107995700628004e-15,0.2500000000000001,-1.064166252208378e-15,0.2500000000000001,2.234194762255498e-08,0.2500000000000001,1.240071673713091e-08,0.2500000000000001,6.575139931311125e-07
0.2550000000000001,0.03895184098382639,0.2550000000000001,0.4660133265412792,0.2550000000000001,1.121333053087765e-15,0.2550000000000001,29.26007374022541,0.2550000000000001,-1.180559050500005e-17,0.2550000000000001,-9.551732250771036e-16,0.2550000000000001,-5.527833635472709e-15,0.2550000000000001,-1.062108365585873e-15,0.2550000000000001,2.587280404741454e-08,0.2550000000000001,1.43142752288775e-08,0.2550000000000001,7.570414132389456e-07
0.2600000000000001,0.039026758890168,0.2600000000000001,0.4660133265412792,0.2600000000000001,1.124482384261853e-15,0.2600000000000001,29.08107611501602,0.2600000000000001,-1.277549802632406e-17,0.2600000000000001,-1.02783324296607e-15,0.2600000000000001,-5.978298159413157e-15,0.2600000000000001,-1.059900091521894e-15,0.2600000000000001,2.99355732787961e-08,0.2600000000000001,1.65048518882182e-08,0.2600000000000001,8.7056009671565e-07
0.2650000000000001,0.0391125219803227,0.2650000000000001,0.4660133265412792,0.2650000000000001,1.127887484260054e-15,0.2650000000000001,28.89239981007127,0.2650000000000001,-1.381300697165762e-17,0.2650000000000001,-1.104577936664911e-15,0.2650000000000001,-6.459381449097195e-15,0.2650000000000001,-1.057548854651692e-15,0.2650000000000001,3.460448365760686e-08,0.2650000000000001,1.900848135850955e-08,0.2650000000000001,9.998081579439564e-07
0.2700000000000001,0.03921051790964128,0.2700000000000001,0.4660133265412792,0.2700000000000001,1.131568339413716e-15,0.2700000000000001,28.69396944792283,0.2700000000000001,-1.492003360986423e-17,0.2700000000000001,-1.185342513760103e-15,0.2700000000000001,-6.970821336571457e-15,0.2700000000000001,-1.055064451400407e-15,0.2700000000000001,3.996287814539866e-08,0.2700000000000001,2.186504358954999e-08,0.2700000000000001,1.14669537264629e-06
0.2750000000000001,0.03932227022360296,0.2750000000000001,0.4660133265412792,0.2750000000000001,1.135545866421358e-15,0.2750000000000001,28.48576901106689,0.2750000000000001,-1.609834868968025e-17,0.2750000000000001,-1.270029492506632e-15,0.2750000000000001,-7.512109482558143e-15,0.2750000000000001,-1.052458990555413e-15,0.2750000000000001,4.610409613868296e-08,0.2750000000000001,2.511851543956971e-08,0.2750000000000001,1.31331260788517e-06
0.2800000000000001,0.03944944259470362,0.2800000000000001,0.4660133265412792,0.2800000000000001,1.139841923756276e-15,0.2800000000000001,28.26784443359994,0.2800000000000001,-1.734960290524046e-17,0.2800000000000001,-1.358510676475193e-15,0.2800000000000001,-8.082505095965026e-15,0.2800000000000001,-1.049746793003122e-15,0.2800000000000001,5.313240092669764e-08,0.2800000000000001,2.881721130590484e-08,0.2800000000000001,1.501940646519291e-06
0.2850000000000001,0.03959384115111652,0.2850000000000001,0.4660133265412792,0.2850000000000001,1.144479332034794e-15,0.2850000000000001,28.04030452405956,0.2850000000000001,-1.867535674370523e-17,0.2850000000000001,-1.450629661016944e-15,0.2850000000000001,-8.681052823884473e-15,0.2850000000000001,-1.046944261925974e-15,0.2850000000000001,6.116394928843672e-08,0.2850000000000001,3.301400754511442e-08,0.2850000000000001,1.715058217621947e-06
0.2900000000000001,0.03975741447849686,0.2900000000000001,0.4660133265412792,0.2900000000000001,1.149481904373699e-15,0.2900000000000001,27.80331998316403,0.2900000000000001,-2.007711261361929e-17,0.2900000000000001,-1.546204687374788e-15,0.2900000000000001,-9.306603375580176e-15,0.2900000000000001,-1.044069735073864e-15,0.2900000000000001,7.032779872545669e-08,0.2900000000000001,3.776654509364596e-08,0.2900000000000001,1.955349021261223e-06
0.2950000000000002,0.03994225088654393,0.2950000000000002,0.4660133265412792,0.2950000000000002,1.15487448728083e-15,0.2950000000000002,27.55712037477508,0.2950000000000002,-2.155634733330163e-17,0.2950000000000002,-1.645031674590976e-15,0.2950000000000002,-9.957835547493031e-15,0.2950000000000002,-1.041143329752151e-15,0.2950000000000002,8.076694669248935e-08,0.2950000000000002,4.313740444423605e-08,0.2950000000000002,2.225707504857342e-06
0.3000000000000002,0.04015057256763896,0.3000000000000002,0.4660133265412792,0.3000000000000002,1.160683012188893e-15,0.3000000000000002,27.30198903859278,0.3000000000000002,-2.311454340782376e-17,0.3000000000000002,-1.746887288339189e-15,0.3000000000000002,-1.063327853884082e-14,0.3000000000000002,-1.038186789277933e-15,0.3000000000000002,9.263939487520268e-08,0.3000000000000002,4.919424700013989e-08,0.3000000000000002,2.529243108235026e-06
0.3050000000000002,0.04038472633998293,0.3050000000000002,0.4660133265412792,0.3050000000000002,1.166934557395675e-15,0.3050000000000002,27.03825609364219,0.3050000000000002,-2.475321796299279e-17,0.3050000000000002,-1.851531942350774e-15,0.3050000000000002,-1.133133373338876e-14,0.3050000000000002,-1.035223337295462e-15,0.3050000000000002,1.061192300312102e-07,0.3050000000000002,5.600991686136661e-08,0.3050000000000002,2.869282646803913e-06
0.3100000000000002,0.04064717076451731,0.3100000000000002,0.4660133265412792,0.3100000000000002,1.17365741993227e-15,0.3100000000000002,26.76628986135053,0.3100000000000002,-2.647394866010348e-17,0.3100000000000002,-1.958712665519346e-15,0.3100000000000002,-1.205029541931445e-14,0.3100000000000002,-1.032277543933859e-15,0.3100000000000002,1.213977111285767e-07,0.3100000000000002,6.366249735510421e-08,0.3100000000000002,3.24937045151572e-06
0.3150000000000002,0.04094045955353801,0.3150000000000002,0.4660133265412792,0.3150000000000002,1.18088119674605e-15,0.3150000000000002,26.48648721852908,0.3150000000000002,-2.827839632683489e-17,0.3150000000000002,-2.068165800892479e-15,0.3150000000000002,-1.278837018418999e-14,0.3150000000000002,-1.029375205663331e-15,0.3150000000000002,1.386843504894609e-07,0.3150000000000002,7.22353171881071e-08,0.3150000000000002,3.673265838712512e-06
0.3200000000000002,0.04126722134632545,0.3200000000000002,0.4660133265412792,0.3200000000000002,1.188636874545181e-15,0.3200000000000002,26.19926355110755,0.3200000000000002,-3.016832437050848e-17,0.3200000000000002,-2.179619528465214e-15,0.3200000000000002,-1.35436949301719e-14,0.3200000000000002,-1.02654323905916e-15,0.3200000000000002,1.582079744307356e-07,0.3200000000000002,8.181690207198081e-08,0.3200000000000002,4.144937454973225e-06
0.3250000000000002,0.04163013610686649,0.3250000000000002,0.4660133265412792,0.3250000000000002,1.196956927687374e-15,0.3250000000000002,25.90504309321806,0.3250000000000002,-3.214561527420563e-17,0.3250000000000002,-2.292796220838722e-15,0.3250000000000002,-1.43143535954374e-14,0.3250000000000002,-1.023809587589137e-15,0.3250000000000002,1.802177466136573e-07,0.3250000000000002,9.250086916108015e-08,0.3250000000000002,4.668554046877414e-06
0.3300000000000002,0.04203190859081623,0.3300000000000002,0.4660133265412792,0.3300000000000002,1.205875423584549e-15,0.3300000000000002,25.60425047804709,0.3300000000000002,-3.421228461653688e-17,0.3300000000000002,-2.407414649833498e-15,0.3300000000000002,-1.509839274424198e-14,0.3300000000000002,-1.021203139973187e-15,0.3300000000000002,2.049841351757466e-07,0.3300000000000002,1.043857637434351e-07,0.3300000000000002,5.248471259418979e-06
0.3350000000000002,0.04247523952000998,0.3350000000000002,0.4660133265412792,0.3350000000000002,1.215428135216055e-15,0.3350000000000002,25.29730427703906,0.3350000000000002,-3.637049311521344e-17,0.3350000000000002,-2.523192064492809e-15,0.3350000000000002,-1.58938362104173e-14,0.3350000000000002,-1.018753658532155e-15,0.3350000000000002,2.327998030015516e-07,0.3350000000000002,1.175748403940762e-07,0.3350000000000002,5.889214183423251e-06
0.3400000000000002,0.04296279527753055,0.3400000000000002,0.4660133265412792,0.3400000000000002,1.225652660477567e-15,0.3400000000000002,24.98461315324067,0.3400000000000002,-3.862255719293131e-17,0.3400000000000002,-2.639846158475709e-15,0.3400000000000002,-1.669869896227345e-14,0.3400000000000002,-1.016491716125583e-15,0.3400000000000002,2.639803995308476e-07,0.3400000000000002,1.321757942202822e-07,0.3400000000000002,6.595455559125948e-06
0.3450000000000002,0.04349717707811194,0.3450000000000002,0.4660133265412792,0.3450000000000002,1.236588548227108e-15,0.3450000000000002,24.66657500806749,0.3450000000000002,-4.09709585208418e-17,0.3450000000000002,-2.757096939540667e-15,0.3450000000000002,-1.75110003157366e-14,0.3450000000000002,-1.014448640652569e-15,0.3450000000000002,2.988652326513431e-07,0.3450000000000002,1.48300451778215e-07,0.3450000000000002,7.37198979701529e-06
0.3500000000000002,0.04408089066199244,0.3500000000000002,0.4660133265412792,0.3500000000000002,1.248277431014383e-15,0.3500000000000002,24.34357918036927,0.3500000000000002,-4.341835292855473e-17,0.3500000000000002,-2.874668507327316e-15,0.3500000000000002,-1.832877657035981e-14,0.3500000000000002,-1.012656466548284e-15,0.3500000000000002,3.378178007785743e-07,0.3500000000000002,1.660644354752669e-07,0.3500000000000002,8.223703281762808e-06
0.3550000000000002,0.04471631759262867,0.3550000000000002,0.4660133265412792,0.3550000000000002,1.260763164589306e-15,0.3550000000000002,24.01601139961521,0.3550000000000002,-4.596757899377466e-17,0.3550000000000002,-2.992290739231943e-15,0.3550000000000002,-1.91500930898608e-14,0.3550000000000002,-1.011147893168423e-15,0.3550000000000002,3.812261683715818e-07,0.3550000000000002,1.855868194263822e-07,0.3550000000000002,9.155541750261782e-06
0.3600000000000002,0.0454056892021957,0.3600000000000002,0.4660133265412792,0.3600000000000002,1.274091974377783e-15,0.3600000000000002,23.6842608493535,0.3600000000000002,-4.862166654966369e-17,0.3600000000000002,-3.109700878703721e-15,0.3600000000000002,-1.997305580213798e-14,0.3600000000000002,-1.009956250357923e-15,0.3600000000000002,4.295031728704135e-07,0.3600000000000002,2.069897983500953e-07,0.3600000000000002,1.017247583862075e-05
0.3650000000000002,0.04615106412204392,0.3650000000000002,0.4660133265412792,0.3650000000000002,1.288312609187075e-15,0.3650000000000002,23.34872841395636,0.3650000000000002,-5.13838452799523e-17,0.3650000000000002,-3.226645016248597e-15,0.3650000000000002,-2.079582205743083e-14,0.3650000000000002,-1.009115471815785e-15,0.3650000000000002,4.830864571445772e-07,0.3650000000000002,2.30398393686316e-07,0.3650000000000002,1.127946612771769e-05
0.3700000000000002,0.04695431016376162,0.3700000000000002,0.4660133265412792,0.3700000000000002,1.303476502460435e-15,0.3700000000000002,23.0098350059659,0.3700000000000002,-5.425755351376462e-17,0.3700000000000002,-3.342879451001183e-15,0.3700000000000002,-2.161661075919236e-14,0.3700000000000002,-1.008660077080918e-15,0.3700000000000002,5.424383285486808e-07,0.3700000000000002,2.559402222619837e-07,0.3700000000000002,1.248142913724213e-05
0.3750000000000002,0.04781709109242879,0.3750000000000002,0.4660133265412792,0.3750000000000002,1.319637941442594e-15,0.3750000000000002,22.66802883295523,0.3750000000000002,-5.724644728540946e-17,0.3750000000000002,-3.458171919875614e-15,0.3750000000000002,-2.243371167033447e-14,0.3750000000000002,-1.008625163074756e-15,0.3750000000000002,6.080454529285326e-07,0.3750000000000002,2.83745352234353e-07,0.3750000000000002,1.378320569014693e-05
0.3800000000000002,0.04874085857482809,0.3800000000000002,0.4660133265412792,0.3800000000000002,1.336854244645837e-15,0.3800000000000002,22.32379057020433,0.3800000000000002,-6.035440968819038e-17,0.3800000000000002,-3.572302681855875e-15,0.3800000000000002,-2.324549379664489e-14,0.3800000000000002,-1.009046406154646e-15,0.3800000000000002,6.804183986215472e-07,0.3800000000000002,3.139462686362288e-07,0.3800000000000002,1.518953287877475e-05
0.3850000000000002,0.04972684931311754,0.3850000000000002,0.4660133265412792,0.3850000000000002,1.355185948022476e-15,0.3850000000000002,21.97763564375978,0.3850000000000002,-6.35855605247289e-17,0.3850000000000002,-3.685065446674737e-15,0.3850000000000002,-2.405041275752974e-14,0.3850000000000002,-1.009960075572261e-15,0.3850000000000002,7.600910508513766e-07,0.3850000000000002,3.466779668269779e-07,0.3850000000000002,1.670502052071191e-05
0.3900000000000002,0.05077608711111356,0.3900000000000002,0.4660133265412792,0.3900000000000002,1.374697000254658e-15,0.3900000000000002,21.63011316206916,0.3900000000000002,-6.694426623746192e-17,0.3900000000000002,-3.796268139664268e-15,0.3900000000000002,-2.484701706967135e-14,0.3900000000000002,-1.01140305911104e-15,0.3900000000000002,8.476199202435843e-07,0.3900000000000002,3.820781869711983e-07,0.3900000000000002,1.833413253143251e-05
0.3950000000000002,0.05188938938664312,0.3950000000000002,0.4660133265412792,0.3950000000000002,1.395454967567512e-15,0.3950000000000002,21.28180141409565,0.3950000000000002,-7.043515009028563e-17,0.3950000000000002,-3.905733497647565e-15,0.3950000000000002,-2.563395328953752e-14,0.3950000000000002,-1.013412901513067e-15,0.3950000000000002,9.435833700292159e-07,0.3950000000000002,4.20287796984339e-07,0.3950000000000002,2.008117311677292e-05
0.4000000000000002,0.0530673774562749,0.4000000000000002,0.4660133265412792,0.4000000000000002,1.417531248457197e-15,0.4000000000000002,20.9333002239682,0.4000000000000002,-7.406310256411082e-17,0.4000000000000002,-4.013299494109956e-15,0.4000000000000002,-2.640996998389836e-14,0.4000000000000002,-1.016027856115266e-15,0.4000000000000002,1.048580784705027e-06,0.4000000000000002,4.614513259766242e-07,0.4000000000000002,2.195027716715009e-05
0.4050000000000002,0.05431048978945253,0.4050000000000002,0.4660133265412792,0.4050000000000002,1.441001298701364e-15,0.4050000000000002,20.58522076830397,0.4050000000000002,-7.783329192392458e-17,0.4050000000000002,-4.11881959530334e-15,0.4050000000000002,-2.717392052180271e-14,0.4050000000000002,-1.019286949911491e-15,0.4050000000000002,1.163231698665575e-06,0.4050000000000002,5.05717645868749e-07,0.4050000000000002,2.394540378332574e-05
0.4100000000000003,0.05561899736259993,0.4100000000000003,0.4660133265412792,0.4100000000000003,1.465944866985565e-15,0.4100000000000003,20.23817368663867,0.4100000000000003,-8.175117491162784e-17,0.4100000000000003,-4.222162852205628e-15,0.4100000000000003,-2.79247647053319e-14,0.4100000000000003,-1.023230062052854e-15,0.4100000000000003,1.288174897103961e-06,0.4100000000000003,5.532407962093374e-07,0.4100000000000003,2.607033153599602e-05
0.4150000000000003,0.056993020238882,0.4150000000000003,0.4660133265412792,0.4150000000000003,1.492446241434826e-15,0.4150000000000003,19.89275642936315,0.4150000000000003,-8.582250751646296e-17,0.4150000000000003,-4.323213836230813e-15,0.4150000000000003,-2.866156927871107e-14,0.4150000000000003,-1.027898015602612e-15,0.4150000000000003,1.424067494020114e-06,0.4150000000000003,6.041809467626481e-07,0.4150000000000003,2.832865389527297e-05
0.4200000000000003,0.0584325445492794,0.4200000000000003,0.4660133265412792,0.4200000000000003,1.520594507283519e-15,0.4200000000000003,19.5495407904294,0.4200000000000003,-9.005335577255845e-17,0.4200000000000003,-4.421872429154316e-15,0.4200000000000003,-2.938350737511785e-14,0.4200000000000003,-1.033332682180863e-15,0.4200000000000003,1.571583984324957e-06,0.4200000000000003,6.587054943775402e-07,0.4200000000000003,3.072377327456603e-05
0.4250000000000003,0.05993743914484567,0.4250000000000003,0.4660133265412792,0.4250000000000003,1.550483815848147e-15,0.4250000000000003,19.20906147823081,0.4250000000000003,-9.445010653005939e-17,0.4250000000000003,-4.518053479818457e-15,0.4250000000000003,-3.008985697721651e-14,0.4250000000000003,-1.039577098972399e-15,0.4250000000000003,1.731415259644913e-06,0.4250000000000003,7.16990294974132e-07,0.4250000000000003,3.325889230655085e-05
0.4300000000000003,0.0615074713154787,0.4300000000000003,0.4660133265412792,0.4300000000000003,1.582213664884707e-15,0.4300000000000003,18.87180641225369,0.4300000000000003,-9.901947814283671e-17,0.4300000000000003,-4.611686341778196e-15,0.4300000000000003,-3.077999848071073e-14,0.4300000000000003,-1.046675597430593e-15,0.4300000000000003,1.904267571266769e-06,0.4300000000000003,7.792210379638553e-07,0.4300000000000003,3.593700127726649e-05
0.4350000000000003,0.06314232111367493,0.4350000000000003,0.4660133265412792,0.4350000000000003,1.615889190313643e-15,0.4350000000000003,18.53820922491255,0.4350000000000003,-1.037685310103849e-16,0.4350000000000003,-4.702714307135703e-15,0.4350000000000003,-3.145341145994351e-14,0.4350000000000003,-1.054673942891363e-15,0.4350000000000003,2.090861419290608e-06,0.4350000000000003,8.455947786847286e-07,0.4350000000000003,3.876086104522228e-05
0.4400000000000003,0.06484159396975292,0.4400000000000003,0.4660133265412792,0.4400000000000003,1.651621469178756e-15,0.4400000000000003,18.20864422664829,0.4400000000000003,-1.087046779051439e-16,0.4400000000000003,-4.791093952412279e-15,0.4400000000000003,-3.210967074083912e-14,0.4400000000000003,-1.063619484213016e-15,0.4400000000000003,2.291930344817407e-06,0.4400000000000003,9.163216540592978e-07,0.4400000000000003,4.173298121722922e-05
0.4450000000000003,0.0666048314270184,0.4450000000000003,0.4660133265412792,0.4450000000000003,1.689527833570055e-15,0.4450000000000003,17.88342388283636,0.4450000000000003,-1.138356940082286e-16,0.4450000000000003,-4.876794412456373e-15,0.4450000000000003,-3.274844188948989e-14,0.4450000000000003,-1.073561312477642e-15,0.4450000000000003,2.508219601987354e-06,0.4450000000000003,9.916268172578698e-07,0.4450000000000003,4.485559379423216e-05
0.4500000000000003,0.06843151995287385,0.4500000000000003,0.4660133265412792,0.4500000000000003,1.729732195081647e-15,0.4500000000000003,17.56279867167122,0.4500000000000003,-1.191697265664261e-16,0.4500000000000003,-4.959796598136248e-15,0.4500000000000003,-3.336947622474019e-14,0.4500000000000003,-1.084550427724397e-15,0.4500000000000003,2.740484688779741e-06,0.4500000000000003,1.071752638343277e-06,0.4500000000000003,4.813062289810036e-05
0.4550000000000003,0.07032109788930571,0.4550000000000003,0.4660133265412792,0.4550000000000003,1.772365379192414e-15,0.4550000000000003,17.24695905394595,0.4550000000000003,-1.247153040716048e-16,0.4550000000000003,-5.040092372975715e-15,0.4550000000000003,-3.397260546060599e-14,0.4550000000000003,-1.096639912630617e-15,0.4550000000000003,2.989489719387003e-06,0.4550000000000003,1.156961229478033e-06,0.4550000000000003,5.155965151375859e-05
0.4600000000000003,0.07227296069045976,0.4600000000000003,0.4660133265412792,0.4600000000000003,1.817565468746299e-15,0.4600000000000003,16.93603919263635,0.4600000000000003,-1.304813448498003e-16,0.4600000000000003,-5.117683703021976e-15,0.4600000000000003,-3.455773607969281e-14,0.4600000000000003,-1.109885112008784e-15,0.4600000000000003,3.256005626256924e-06,0.4600000000000003,1.247537365224811e-06,0.4600000000000003,5.514388641129121e-05
0.4650000000000003,0.07428646465543168,0.4650000000000003,0.4660133265412792,0.4650000000000003,1.865478155467959e-15,0.4650000000000003,16.6301220109391,0.4650000000000003,-1.364771649317303e-16,0.4650000000000003,-5.192581793150899e-15,0.4650000000000003,-3.512484353238515e-14,0.4650000000000003,-1.124343816941518e-15,0.4650000000000003,3.540808186070541e-06,0.4650000000000003,1.343791880848378e-06,0.4650000000000003,5.888412254208034e-05
0.4700000000000003,0.0763609294020451,0.4700000000000003,0.4660133265412792,0.4700000000000003,1.916257098175644e-15,0.4700000000000003,16.32924516648152,0.4700000000000003,-1.427124850587952e-16,0.4700000000000003,-5.264806221776918e-15,0.4700000000000003,-3.567396634889496e-14,0.4700000000000003,-1.14007645232845e-15,0.4700000000000003,3.844675870485229e-06,0.4700000000000003,1.446065644546174e-06,0.4700000000000003,6.278070823353455e-05
0.4750000000000003,0.07849563934465827,0.4750000000000003,0.4660133265412792,0.4750000000000003,1.970064286043184e-15,0.4750000000000003,16.03340753912989,0.4750000000000003,-1.491974366595273e-16,0.4750000000000003,-5.334384084598786e-15,0.4750000000000003,-3.620520024267797e-14,0.4750000000000003,-1.157146266563735e-15,0.4750000000000003,4.168387528948906e-06,0.4750000000000003,1.554734213522731e-06,0.4750000000000003,6.683351244773826e-05
0.4800000000000003,0.08068984443913416,0.4800000000000003,0.4660133265412792,0.4800000000000003,2.027070404914356e-15,0.4800000000000003,15.74257587166852,0.4800000000000003,-1.55942566610003e-16,0.4800000000000003,-5.401349156629803e-15,0.4800000000000003,-3.671869227462597e-14,0.4800000000000003,-1.17561952199697e-15,0.4800000000000003,4.512719916868251e-06,0.4800000000000003,1.670213299193402e-06,0.4800000000000003,7.104189523449614e-05
0.4850000000000003,0.08294276044458496,0.4850000000000003,0.4660133265412792,0.4850000000000003,2.087455204282878e-15,0.4850000000000003,15.45669125836703,0.4850000000000003,-1.629588405692523e-16,0.4850000000000003,-5.465741080374708e-15,0.4850000000000003,-3.72146351381377e-14,0.4850000000000003,-1.195565684749887e-15,0.4850000000000003,4.878445087555401e-06,0.4850000000000003,1.792965184025871e-06,0.4850000000000003,7.540468231542569e-05
0.4900000000000003,0.0852535689279387,0.4900000000000003,0.4660133265412792,0.4900000000000003,2.151407862117184e-15,0.4900000000000003,15.17567523886592,0.4900000000000003,-1.702576446562035e-16,0.4900000000000003,-5.52760458666274e-15,0.4900000000000003,-3.769326161594294e-14,0.4900000000000003,-1.217057612362999e-15,0.4900000000000003,5.266327670432768e-06,0.4900000000000003,1.923506252100514e-06,0.4900000000000003,7.992014450033862e-05
0.4950000000000003,0.08762141720712492,0.4950000000000003,0.4660133265412792,0.4950000000000003,2.219127344229151e-15,0.4950000000000003,14.89943531803848,0.4950000000000003,-1.778507852090452e-16,0.4950000000000003,-5.586988753355835e-15,0.4950000000000003,-3.815483925062468e-14,0.4950000000000003,-1.240171737627964e-15,0.4950000000000003,5.67712206078034e-06,0.4950000000000003,2.062415817884183e-06,0.4950000000000003,8.458598237683709e-05
0.5000000000000003,0.09004541839469463,0.5000000000000003,0.4660133265412792,0.5000000000000003,2.29082275435818e-15,0.5000000000000003,14.62786979217939,0.5000000000000003,-1.857504863412831e-16,0.5000000000000003,-5.643946305945514e-15,0.5000000000000003,-3.859966526233653e-14,0.5000000000000003,-1.264988246820471e-15,0.5000000000000003,6.111569547779368e-06,0.5000000000000003,2.210346463412377e-06,0.5000000000000003,8.939931644387625e-05
0.5050000000000003,0.09252465166845322,0.5050000000000003,0.4660133265412792,0.5050000000000003,2.366713670565939e-15,0.5050000000000003,14.36087181511533,0.5050000000000003,-1.939693849809762e-16,0.5050000000000003,-5.698532962947129e-15,0.5050000000000003,-3.902806173937569e-14,0.5050000000000003,-1.291591250383835e-15,0.5050000000000003,6.570395407724706e-06,0.5050000000000003,2.36803612341394e-06,0.5050000000000003,9.435668259291496e-05
0.5100000000000003,0.09505816286117104,0.5100000000000003,0.4660133265412792,0.5100000000000003,2.447030462912346e-15,0.5100000000000003,14.09833268296148,0.5100000000000003,-2.025205230519615e-16,0.5100000000000003,-5.750806828005986e-15,0.5100000000000003,-3.944037112014197e-14,0.5100000000000003,-1.320068943924109e-15,0.5100000000000003,7.054305988089069e-06,0.5100000000000003,2.536322191081913e-06,0.5100000000000003,9.94540325867256e-05
0.5150000000000003,0.09764496542913362,0.5150000000000003,0.4660133265412792,0.5150000000000003,2.532014586711982e-15,0.5150000000000003,13.84014435261209,0.5150000000000003,-2.114173364277778e-16,0.5150000000000003,-5.800827829751691e-15,0.5150000000000003,-3.983695197864332e-14,0.5150000000000003,-1.35051375716396e-15,0.5150000000000003,7.56398580571729e-06,0.5150000000000003,2.716157954134186e-06,0.5150000000000003,0.0001046867389542488
0.5200000000000004,0.1002186220433548,0.5200000000000004,0.4660333923877309,0.5200000000000004,2.621918844954209e-15,0.5200000000000004,13.58620123676682,0.5200000000000004,-2.206736402618764e-16,0.5200000000000004,-5.848657209675395e-15,0.5200000000000004,-4.02181751201241e-14,0.5200000000000004,-1.383022488265142e-15,0.5200000000000004,8.100094678930981e-06,0.5200000000000004,2.9086317110773e-06,0.5200000000000004,0.0001100496035161976
0.5250000000000004,0.1029030558086757,0.5250000000000004,0.4660347874629984,0.5250000000000004,2.717007612715205e-15,0.5250000000000004,13.33640133801133,0.5250000000000004,-2.303036102719629e-16,0.5250000000000004,-5.894357057656942e-15,0.5250000000000004,-4.058441998859262e-14,0.5250000000000004,-1.417696420670567e-15,0.5250000000000004,8.663264908887778e-06,0.5250000000000004,3.114988960191142e-06,0.5250000000000004,0.0001155368685849438
0.5300000000000004,0.1056372715980984,0.5300000000000004,0.4660362510612722,0.5300000000000004,2.817557015602316e-15,0.5300000000000004,13.09064679718496,0.5300000000000004,-2.403217595325009e-16,0.5300000000000004,-5.937989894230267e-15,0.5300000000000004,-4.093607138398609e-14,0.5300000000000004,-1.45464141933916e-15,0.5300000000000004,9.254098520333821e-06,0.5300000000000004,3.336658096899247e-06,0.5300000000000004,0.000121142229746725
0.5350000000000004,0.1084201608379249,0.5350000000000004,0.4660377845915828,0.5350000000000004,2.923855053461019e-15,0.5350000000000004,12.84884393815914,0.5350000000000004,-2.507429103092067e-16,0.5350000000000004,-5.979618298237895e-15,0.5350000000000004,-4.127351648339795e-14,0.5350000000000004,-1.493968002954388e-15,0.5350000000000004,9.873164566100163e-06,0.5350000000000004,3.575280095974747e-06,0.5350000000000004,0.0001268588490369114
0.5400000000000004,0.1112505940211208,0.5400000000000004,0.4660393893747123,0.5400000000000004,3.036201659753746e-15,0.5400000000000004,12.61090289346878,0.5400000000000004,-2.615821604531677e-16,0.5400000000000004,-6.019304578181045e-15,0.5400000000000004,-4.159714215815198e-14,0.5400000000000004,-1.535791388385571e-15,0.5400000000000004,1.05209964935159e-05,0.5400000000000004,3.832742689018448e-06,0.5400000000000004,0.0001326793672622719
0.5450000000000004,0.1141274239055363,0.5450000000000004,0.4660410666368052,0.5450000000000004,3.15490868620575e-15,0.5450000000000004,12.37673689421433,0.5450000000000004,-2.728548438618469e-16,0.5450000000000004,-6.057110485310552e-15,0.5450000000000004,-4.190733257648374e-14,0.5450000000000004,-1.580231503377055e-15,0.5450000000000004,1.119808956455887e-05,0.5450000000000004,4.111219568349269e-06,0.5450000000000004,0.000138595914210891
0.5500000000000004,0.11704948891806,0.5500000000000004,0.4660428175030757,0.5500000000000004,3.280299801524298e-15,0.5500000000000004,12.14626130445551,0.5500000000000004,-2.845764845110871e-16,0.5500000000000004,-6.093096966315946e-15,0.5500000000000004,-4.220446708011802e-14,0.5500000000000004,-1.627412963142096e-15,0.5500000000000004,1.190489831526e-05,0.5500000000000004,4.41321514669408e-06,0.5500000000000004,0.0001446001155248159
0.5550000000000004,0.1200156167039176,0.5550000000000004,0.4660446429915577,0.5550000000000004,3.412710292259512e-15,0.5550000000000004,11.91939247600824,0.5550000000000004,-2.967627435675209e-16,0.5550000000000004,-6.127323953345482e-15,0.5550000000000004,-4.248891832204672e-14,0.5550000000000004,-1.677465006256153e-15,0.5550000000000004,1.264183403388466e-05,0.5550000000000004,4.741615365275381e-06,0.5550000000000004,0.000150683095099137
0.5600000000000004,0.123024627760726,0.5600000000000004,0.4660465440068425,0.5600000000000004,3.552486753216337e-15,0.5600000000000004,11.69604649508263,0.5600000000000004,-3.094293591070561e-16,0.5600000000000004,-6.159850189018721e-15,0.5600000000000004,-4.276105065224741e-14,0.5600000000000004,-1.730521384990265e-15,0.5600000000000004,1.340926223202339e-05,0.5600000000000004,5.099744954313062e-06,0.5600000000000004,0.000156835472023301
0.5650000000000004,0.126075339099339,0.5650000000000004,0.4660485213337235,0.5650000000000004,3.699986654280729e-15,0.5650000000000004,11.47613788836914,0.5650000000000004,-3.225920779933769e-16,0.5650000000000004,-6.19073308406599e-15,0.5650000000000004,-4.302121873787328e-14,0.5650000000000004,-1.786720205012566e-15,0.5650000000000004,1.420750007829808e-05,0.5650000000000004,5.491431387964407e-06,0.5650000000000004,0.000163047351308957
0.5700000000000004,0.129166567877511,0.5700000000000004,0.4660505756306652,0.5700000000000004,3.855577770128623e-15,0.5700000000000004,11.25957835365534,0.5700000000000004,-3.362665795134023e-16,0.5700000000000004,-6.220028605237292e-15,0.5700000000000004,-4.326976640453098e-14,0.5700000000000004,-1.846203709231156e-15,0.5700000000000004,1.503681376136274e-05,0.5700000000000004,5.92107551343552e-06,0.5700000000000004,0.0001693083079704242
0.5750000000000004,0.1322971349575554,0.5750000000000004,0.4660527074230075,0.5750000000000004,4.019637459085121e-15,0.5750000000000004,11.04627557932397,0.5750000000000004,-3.504683904258956e-16,0.5750000000000004,-6.247791191157851e-15,0.5750000000000004,-4.350702568557653e-14,0.5750000000000004,-1.909118000471108e-15,0.5750000000000004,1.589741574778206e-05,0.5750000000000004,6.393728439453229e-06,0.5750000000000004,0.0001756073644594758
0.5800000000000004,0.1354658683450302,0.5800000000000004,0.4660549170958426,0.5800000000000004,4.19255177744203e-15,0.5800000000000004,10.83613221841133,0.5800000000000004,-3.652127911569724e-16,0.5800000000000004,-6.274073693862377e-15,0.5800000000000004,-4.37333160668527e-14,0.5800000000000004,-1.975612697691985e-15,0.5800000000000004,1.678946190186701e-05,0.5800000000000004,6.915173706802611e-06,0.5800000000000004,0.0001819329620287927
0.5850000000000004,0.1386716064718088,0.5850000000000004,0.4660572048864602,0.5850000000000004,4.374714415874618e-15,0.5850000000000004,10.62904508627817,0.5850000000000004,-3.805147129742244e-16,0.5850000000000004,-6.298927343807397e-15,0.5850000000000004,-4.394894391490456e-14,0.5850000000000004,-2.045840520580146e-15,0.5850000000000004,1.771304843940795e-05,0.5850000000000004,7.49201299691673e-06,0.5850000000000004,0.0001882729273310763
0.5900000000000004,0.1419132012932568,0.5900000000000004,0.4660595708763578,0.5900000000000004,4.566525445275449e-15,0.5900000000000004,10.42490465596433,0.5900000000000004,-3.96388626090696e-16,0.5900000000000004,-6.322401736235892e-15,0.5900000000000004,-4.415420207739636e-14,0.5900000000000004,-2.119956797613151e-15,0.5900000000000004,1.866820869636503e-05,0.5900000000000004,8.13175263247643e-06,0.5900000000000004,0.0001946144364714027
0.5950000000000004,0.1451895211755347,0.5950000000000004,0.4660620149827605,0.5950000000000004,4.768389860399251e-15,0.5950000000000004,10.22359493106183,0.5950000000000004,-4.128484187927161e-16,0.5950000000000004,-6.344544836845415e-15,0.5950000000000004,-4.434936964516899e-14,0.5950000000000004,-2.198118893113844e-15,0.5950000000000004,1.965490970791402e-05,0.5950000000000004,8.842886870192256e-06,0.5950000000000004,0.0002009439798241391
0.6000000000000004,0.1484994535549521,0.6000000000000004,0.4660645369497269,0.6000000000000004,4.980715911239185e-15,0.6000000000000004,10.02499378091267,0.6000000000000004,-4.299072678518407e-16,0.6000000000000004,-6.365403004786163e-15,0.6000000000000004,-4.453471186607735e-14,0.6000000000000004,-2.280485549409625e-15,0.6000000000000004,2.067304861373171e-05,0.6000000000000004,9.634972492334716e-06,0.6000000000000004,0.0002072473321840349
0.6050000000000004,0.1518419073567699,0.6050000000000004,0.4660671363389243,0.6050000000000004,5.203913214081498e-15,0.6050000000000004,9.828973824834558,0.6050000000000004,-4.475775006715728e-16,0.6050000000000004,-6.385021031085703e-15,0.6050000000000004,-4.471048020139825e-14,0.6050000000000004,-2.367216141007977e-15,0.6050000000000004,2.172244893278683e-05,0.6050000000000004,1.051868752859578e-05,0.6050000000000004,0.0002135095341874823
0.6100000000000004,0.1552158151656985,0.6100000000000004,0.466069812520277,0.6100000000000004,5.438390636751156e-15,0.6100000000000004,9.635403947843271,0.6100000000000004,-4.658704498326334e-16,0.6100000000000004,-6.403442190659801e-15,0.6100000000000004,-4.487691251616621e-14,0.6100000000000004,-2.458469838707966e-15,0.6100000000000004,2.280285678546958e-05,0.6100000000000004,1.150586520952492e-05,0.6100000000000004,0.0002197148923039044
0.6150000000000004,0.1586201351445593,0.6150000000000004,0.4660725646627789,0.6150000000000004,5.684553955701729e-15,0.6150000000000004,9.444151516260105,0.6150000000000004,-4.847963009351435e-16,0.6150000000000004,-6.420708306122878e-15,0.6150000000000004,-4.503423339524721e-14,0.6150000000000004,-2.554404682803688e-15,0.6150000000000004,2.391393718221194e-05,0.6150000000000004,1.260949268102468e-05,0.6150000000000004,0.0002258470058800932
0.6200000000000004,0.162053852701118,0.6200000000000004,0.4660753917258789,0.6200000000000004,5.942803286329828e-15,0.6200000000000004,9.255085333710708,0.6200000000000004,-5.043639348889981e-16,0.6200000000000004,-6.436859821655762e-15,0.6200000000000004,-4.518265457728084e-14,0.6200000000000004,-2.65517656600394e-15,0.6200000000000004,2.505527054418438e-05,0.6200000000000004,1.384366291045893e-05,0.6200000000000004,0.0002318888304672031
0.6250000000000004,0.1655159819059909,0.6250000000000004,0.4660782924519826,0.6250000000000004,6.213530292210702e-15,0.6250000000000004,9.068079332867125,0.6250000000000004,-5.245807660706312e-16,0.6250000000000004,-6.451935885223249e-15,0.6250000000000004,-4.532237549878076e-14,0.6250000000000004,-2.760938128394109e-15,0.6250000000000004,2.622634967005916e-05,0.6250000000000004,1.522346799754263e-05,0.6250000000000004,0.0002378227866485584
0.6300000000000004,0.1690055666668716,0.6300000000000004,0.4660812653606883,0.6300000000000004,6.497115183831798e-15,0.6300000000000004,8.883016934039029,0.6300000000000004,-5.45452578039947e-16,0.6300000000000004,-6.465974437460256e-15,0.6300000000000004,-4.54535839406827e-14,0.6300000000000004,-2.87183756869133e-15,0.6300000000000004,2.742657740821614e-05,0.6300000000000004,1.67648232335034e-05,0.6300000000000004,0.0002436309224589845
0.6350000000000005,0.1725216816661491,0.6350000000000005,0.4660843087455075,0.6350000000000005,6.793923522793748e-15,0.6350000000000005,8.699795919663266,0.6350000000000005,-5.669833587880247e-16,0.6350000000000005,-6.479012305564564e-15,0.6350000000000005,-4.557645676944773e-14,0.6350000000000005,-2.98801737817213e-15,0.6350000000000005,2.865526532928964e-05,0.6350000000000005,1.848421417441134e-05,0.6350000000000005,0.0002492951349165411
0.6400000000000005,0.1760634330705203,0.6400000000000005,0.4660874206738426,0.6400000000000005,7.104302853275159e-15,0.6400000000000005,8.518333579706761,0.6400000000000005,-5.891751377561127e-16,0.6400000000000005,-6.491085300549111e-15,0.6400000000000005,-4.569116076448013e-14,0.6400000000000005,-3.109613005952087e-15,0.6400000000000005,2.991163371137874e-05,0.6400000000000005,2.039836400741464e-05,0.6400000000000005,0.0002547974519791439
0.6450000000000005,0.1796299590225465,0.6450000000000005,0.4660905989909563,0.6450000000000005,7.428579188704247e-15,0.6450000000000005,8.338571788321127,0.6450000000000005,-6.120278271192348e-16,0.6450000000000005,-6.502228316220176e-15,0.6450000000000005,-4.579785352310357e-14,0.6450000000000005,-3.236751466724208e-15,0.6450000000000005,3.119481314093695e-05,0.6450000000000005,2.252382558886937e-05,0.6450000000000005,0.0002601203704455051
0.6500000000000005,0.1832204299253733,0.6500000000000005,0.466093841328595,0.6500000000000005,7.767053387902971e-15,0.6500000000000005,8.160481593319382,0.6500000000000005,-6.355390700529438e-16,0.6500000000000005,-6.512475428263445e-15,0.6500000000000005,-4.589668443367794e-14,0.6500000000000005,-3.369549904559919e-15,0.6500000000000005,3.25038479890015e-05,0.6500000000000005,2.487651126773439e-05,0.6500000000000005,0.0002652472383557648
0.6550000000000005,0.1868340485332454,0.6550000000000005,0.466097145118695,0.6550000000000005,8.119997461283997e-15,0.6550000000000005,7.98406685685319,0.6550000000000005,-6.597040988869402e-16,0.6550000000000005,-6.521859991841644e-15,0.6550000000000005,-4.598779570665648e-14,0.6550000000000005,-3.508114128870892e-15,0.6550000000000005,3.383770194107772e-05,0.6550000000000005,2.74711829896331e-05,0.6550000000000005,0.0002701626631375896
0.6600000000000005,0.1904700498619268,0.6600000000000005,0.4661005076123241,0.6600000000000005,8.487650853785864e-15,0.6600000000000005,7.8093664967007,0.6600000000000005,-6.845156061832522e-16,0.6600000000000005,-6.530414736139534e-15,0.6600000000000005,-4.607132345251145e-14,0.6600000000000005,-3.652537141041741e-15,0.6600000000000005,3.519526564125886e-05,0.6600000000000005,3.032093373679491e-05,0.6600000000000005,0.0002748529202708117
0.6650000000000005,0.1941277009347558,0.6650000000000005,0.4661039259036512,0.6650000000000005,8.870216756881508e-15,0.6650000000000005,7.636454954950161,0.6650000000000005,-7.099636318464358e-16,0.6650000000000005,-6.538171854338761e-15,0.6650000000000005,-4.614739879454094e-14,0.6650000000000005,-3.802897672475479e-15,0.6650000000000005,3.657536636547323e-05,0.6650000000000005,3.343669736980503e-05,0.6650000000000005,0.0002793063329543462
0.6700000000000005,0.1978063003816402,0.6700000000000005,0.4661073969583364,0.6700000000000005,9.267858506945766e-15,0.6700000000000005,7.465440664790876,0.6700000000000005,-7.360354693686297e-16,0.6700000000000005,-6.545163087570155e-15,0.6700000000000005,-4.621614900365411e-14,0.6700000000000005,-3.959258756749207e-15,0.6700000000000005,3.797677948044133e-05,0.6700000000000005,3.682682580484565e-05,0.6700000000000005,0.00028351359235116
0.6750000000000005,0.201505177909665,0.6750000000000005,0.4661109176453686,0.6750000000000005,9.680696131249998e-15,0.6750000000000005,7.296462481807322,0.6750000000000005,-7.627155942228583e-16,0.6750000000000005,-6.551419801478613e-15,0.6750000000000005,-4.627769864137782e-14,0.6750000000000005,-4.121666360150198e-15,0.6750000000000005,3.939824129425728e-05,0.6750000000000005,4.049676918629156e-05,0.6750000000000005,0.0002874679911526248
0.6800000000000005,0.2052236936649456,0.6800000000000005,0.4661144847710658,0.6800000000000005,1.010880310561191e-14,0.6800000000000005,7.129684264838503,0.6800000000000005,-7.899856172369958e-16,0.6800000000000005,-6.556973054147785e-15,0.6800000000000005,-4.633217069658471e-14,0.6800000000000005,-4.290148095951829e-15,0.6800000000000005,4.083846278308277e-05,0.6800000000000005,4.444888627691141e-05,0.6800000000000005,0.0002911655503498489
0.6850000000000005,0.2089612375056499,0.6850000000000005,0.466118095113794,0.6850000000000005,1.055220338902475e-14,0.6850000000000005,6.965287996052278,0.6850000000000005,-8.17824265503307e-16,0.6850000000000005,-6.561853654271051e-15,0.6850000000000005,-4.637968770087798e-14,0.6850000000000005,-4.464712048298931e-15,0.6850000000000005,4.229614360460975e-05,0.6850000000000005,4.868239978068947e-05,0.6850000000000005,0.0002946050292673737
0.6900000000000005,0.2127172282057275,0.6900000000000005,0.4661217454578863,0.6900000000000005,1.101086880021377e-14,0.6900000000000005,6.803465984074136,0.6900000000000005,-8.462073930042021e-16,0.6900000000000005,-6.566092208621561e-15,0.6900000000000005,-4.64203728072334e-14,0.6900000000000005,-4.64534573142083e-15,0.6900000000000005,4.376998579365896e-05,0.6900000000000005,5.319349675665216e-05,0.6900000000000005,0.0002977878204558527
0.6950000000000005,0.2164911126076592,0.6950000000000005,0.4661254326253942,0.6950000000000005,1.148471679886323e-14,0.6950000000000005,6.644412771641954,0.6950000000000005,-8.751080226665973e-16,0.6950000000000005,-6.569719158067542e-15,0.6950000000000005,-4.645435081644948e-14,0.6950000000000005,-4.832015209015585e-15,0.6950000000000005,4.525870657957333e-05,0.6950000000000005,5.797556013840782e-05,0.6950000000000005,0.000300717742014557
0.7000000000000005,0.2202823647407421,0.7000000000000005,0.4661291535045046,0.7000000000000005,1.197360873012342e-14,0.7000000000000005,6.488317360825192,0.7000000000000005,-9.044964210035299e-16,0.7000000000000005,-6.572764801596422e-15,0.7000000000000005,-4.648174913623726e-14,0.7000000000000005,-5.024664397011052e-15,0.7000000000000005,4.67610498600825e-05,0.7000000000000005,6.301950592906073e-05,0.7000000000000005,0.0003034007485739414
0.7050000000000005,0.2240904849190996,0.7050000000000005,0.466132905073798,0.7050000000000005,1.247734858492668e-14,0.7050000000000005,6.335356282868429,0.7050000000000005,-9.343402058740351e-16,0.7050000000000005,-6.575259308049848e-15,0.7050000000000005,-4.650269865842055e-14,0.7050000000000005,-5.223214570500205e-15,0.7050000000000005,4.82757959957474e-05,0.7050000000000005,6.831419346369063e-05,0.7050000000000005,0.0003058445873648488
0.7100000000000005,0.22791499883109,0.7100000000000005,0.4661366844218671,0.7100000000000005,1.299568232067405e-14,0.7100000000000005,6.185687898894877,0.7100000000000005,-9.646044872083845e-16,0.7100000000000005,-6.577232715525155e-15,0.7100000000000005,-4.65173345407397e-14,0.7100000000000005,-5.427564092493577e-15,0.7100000000000005,4.980176973312438e-05,0.7100000000000005,7.384687378457494e-05,0.7100000000000005,0.0003080584271864746
0.7150000000000005,0.2317554566292787,0.7150000000000005,0.4661404887621794,0.7150000000000005,1.352829777715146e-14,0.7150000000000005,6.03944815169197,0.7150000000000005,-9.952520398254158e-16,0.7150000000000005,-6.578714918661617e-15,0.7150000000000005,-4.652579688115379e-14,0.7150000000000005,-5.637588378290388e-15,0.7150000000000005,5.133784620438393e-05,0.7150000000000005,7.960364323768828e-05,0.7150000000000005,0.0003100524860698911
0.7200000000000005,0.2356114320278495,0.7200000000000005,0.4661443154433308,0.7200000000000005,1.407482521133362e-14,0.7200000000000005,5.896747826419602,0.7200000000000005,-1.026243506735983e-15,0.7200000000000005,-6.579735644293499e-15,0.7200000000000005,-4.652823127430352e-14,0.7200000000000005,-5.853140104835947e-15,0.7200000000000005,5.288295507129242e-05,0.7200000000000005,8.556987474452148e-05,0.7200000000000005,0.0003118376789532685
0.7250000000000005,0.2394825214123565,0.7250000000000005,0.4661481619551089,0.7250000000000005,1.46348384623582e-14,0.7250000000000005,5.75767124138369,0.7250000000000005,-1.057537630607477e-15,0.7250000000000005,-6.580324416208803e-15,0.7250000000000005,-4.652478924189676e-14,0.7250000000000005,-6.074049669534357e-15,0.7250000000000005,5.443608297311824e-05,0.7250000000000005,9.17306063874272e-05,0.7250000000000005,0.0003134253008880401
0.7300000000000005,0.2433683429651797,0.7300000000000005,0.4661520259308896,0.7300000000000005,1.520785674478776e-14,0.7300000000000005,5.622276191466512,0.7300000000000005,-1.089091510384603e-15,0.7300000000000005,-6.580510509993917e-15,0.7300000000000005,-4.651562853115463e-14,0.7300000000000005,-6.30012589777431e-15,0.7300000000000005,5.599627449797915e-05,0.7300000000000005,9.807087457992793e-05,0.7300000000000005,0.0003148267552604218
0.7350000000000005,0.2472685358088708,0.7350000000000005,0.4661559051470049,0.7350000000000005,1.5793347054765e-14,0.7350000000000005,5.490594909459847,0.7350000000000005,-1.120860879447901e-15,0.7350000000000005,-6.580322899161441e-15,0.7350000000000005,-4.650091327804388e-14,0.7350000000000005,-6.531156993077753e-15,0.7350000000000005,5.756263192716668e-05,0.7350000000000005,0.0001045759860928312,0.7350000000000005,0.0003160533310606192
0.7400000000000005,0.2511827591687842,0.7400000000000005,0.4661597975196914,0.7400000000000005,1.639072716028442e-14,0.7400000000000005,5.36263579028892,0.7400000000000005,-1.152800401167359e-15,0.7400000000000005,-6.579790193944237e-15,0.7400000000000005,-4.648081403474051e-14,0.7400000000000005,-6.76691171848431e-15,0.7400000000000005,5.913431400701754e-05,0.7400000000000005,0.0001112317289028051,0.7400000000000005,0.0003171160288535846
0.7450000000000006,0.255110691555845,0.7450000000000006,0.4661637011002352,0.7450000000000006,1.699936913402342e-14,0.7450000000000006,5.238385631667216,0.7450000000000006,-1.184863977293837e-15,0.7450000000000006,-6.578940574285844e-15,0.7450000000000006,-4.645550766352713e-14,0.7450000000000006,-7.007140792726008e-15,0.7450000000000006,6.07105339893915e-05,0.7450000000000006,0.0001180245259494666,0.7450000000000006,0.0003180254319829948
0.7500000000000006,0.2590520299700023,0.7500000000000006,0.4661676140688352,0.7500000000000006,1.761860337546322e-14,0.7500000000000006,5.117812172446595,0.7500000000000006,-1.217005064343161e-15,0.7500000000000006,-6.577801718661246e-15,0.7500000000000006,-4.642517710203601e-14,0.7500000000000006,-7.251578480111066e-15,0.7500000000000006,6.229055715631433e-05,0.7500000000000006,0.0001249415384640763,0.7500000000000006,0.0003187916176241351
0.7550000000000006,0.2630064891247459,0.7550000000000006,0.4661715347276507,0.7550000000000006,1.824772305880019e-14,0.7550000000000006,5.000866747869837,0.7550000000000006,-1.249176992975173e-15,0.7550000000000006,-6.576400730419119e-15,0.7550000000000006,-4.639001100731211e-14,0.7550000000000006,-7.499944348986647e-15,0.7550000000000006,6.387369801257076e-05,0.7550000000000006,0.000131970726792737,0.7550000000000006,0.0003194241014009375
0.7600000000000006,0.2669738006929696,0.7600000000000006,0.4661754614933862,0.7600000000000006,1.888598893475085e-14,0.7600000000000006,4.887486921945149,0.7600000000000006,-1.281333285359339e-15,0.7600000000000006,-6.574764063345542e-15,0.7600000000000006,-4.635020328850551e-14,0.7600000000000006,-7.751945170326723e-15,0.7600000000000006,6.545931729645954e-05,0.7600000000000006,0.0001391008768903601,0.7600000000000006,0.0003199318091477725
0.7650000000000006,0.2709537125744229,0.7650000000000006,0.4661793928897321,0.7650000000000006,1.953263440806153e-14,0.7650000000000006,4.777598996271344,0.7650000000000006,-1.31342796564617e-15,0.7650000000000006,-6.572917448110879e-15,0.7650000000000006,-4.630595254002931e-14,0.7650000000000006,-8.007276925500882e-15,0.7650000000000006,6.704681892665934e-05,0.7650000000000006,0.00014632160022674,0.7650000000000006,0.0003203230697780838
0.7700000000000006,0.2749459881849798,0.7700000000000006,0.4661833275398615,0.7700000000000006,2.018687080851223e-14,0.7700000000000006,4.671120328901471,0.7700000000000006,-1.345415858923173e-15,0.7700000000000006,-6.570885821178365e-15,0.7700000000000006,-4.625746138868084e-14,0.7700000000000006,-8.265626890688007e-15,0.7700000000000006,6.863564697411141e-05,0.7700000000000006,0.0001536233140013383,0.7700000000000006,0.0003206056239045673
0.7750000000000006,0.2789504057679125,0.7750000000000006,0.4661872641591421,0.7750000000000006,2.084789277152966e-14,0.7750000000000006,4.56796142491318,0.7750000000000006,-1.377252874411753e-15,0.7750000000000006,-6.568693257629703e-15,0.7750000000000006,-4.620493576947155e-14,0.7750000000000006,-8.52667576473593e-15,0.7750000000000006,7.022528272294033e-05,0.7750000000000006,0.0001609972075266045,0.7750000000000006,0.0003207866436733934
0.7800000000000006,0.2829667577273287,0.7800000000000006,0.4661912015481922,0.7800000000000006,2.151488364516212e-14,0.7800000000000006,4.468027782066107,0.7800000000000006,-1.408896269139863e-15,0.7800000000000006,-6.566362909205507e-15,0.7800000000000006,-4.614858414572312e-14,0.7800000000000006,-8.790099807520243e-15,0.7800000000000006,7.181524186396592e-05,0.7800000000000006,0.0001684351995651863,0.7800000000000006,0.0003208727601119651
0.7850000000000006,0.2869948499838945,0.7850000000000006,0.4661951385863157,0.7850000000000006,2.218702084299139e-14,0.7850000000000006,4.371221490779837,0.7850000000000006,-1.440304888883315e-15,0.7850000000000006,-6.563916948673575e-15,0.7850000000000006,-4.608861668935187e-14,0.7850000000000006,-9.055572956972469e-15,0.7850000000000006,7.340507184810641e-05,0.7850000000000006,0.0001759298903926002,0.7850000000000006,0.0003208700950730808
0.7900000000000006,0.291034501352893,0.7900000000000006,0.4661990742253783,0.7900000000000006,2.286348106735564e-14,0.7900000000000006,4.277442598526533,0.7900000000000006,-1.471439383783326e-15,0.7900000000000006,-6.561376521434263e-15,0.7900000000000006,-4.602524443719972e-14,0.7900000000000006,-9.322768894846601e-15,0.7900000000000006,7.499434941448513e-05,0.7900000000000006,0.0001834745114582449,0.7900000000000006,0.0003207842955488843
0.7950000000000006,0.2950855429446077,0.7950000000000006,0.4662030074841337,0.7950000000000006,2.354344533375263e-14,0.7950000000000006,4.186590255580327,0.7950000000000006,-1.50226239669508e-15,0.7950000000000006,-6.558761705056663e-15,0.7950000000000006,-4.59586784387987e-14,0.7950000000000006,-9.591363033863695e-15,0.7950000000000006,7.658267829877734e-05,0.7950000000000006,0.0001910628747569072,0.7950000000000006,0.0003206205687101162
0.8000000000000006,0.2991478175869561,0.8000000000000006,0.4662069374429899,0.8000000000000006,2.422610373515594e-14,0.8000000000000006,4.098563662847445,0.8000000000000006,-1.532738722978241e-15,0.8000000000000006,-6.556091477220881e-15,0.8000000000000006,-4.588912891012658e-14,0.8000000000000006,-9.861034401985878e-15,0.8000000000000006,7.816968712067914e-05,0.8000000000000006,0.0001986893234021888,0.8000000000000006,0.0003203837164997709
0.8050000000000006,0.3032211792702282,0.8050000000000006,0.4662108632391968,0.8050000000000006,2.491065989385704e-14,0.8050000000000006,4.013262844049574,0.8050000000000006,-1.562835441083351e-15,0.8050000000000006,-6.553383692327044e-15,0.8050000000000006,-4.581680440677273e-14,0.8050000000000006,-1.013146740308556e-14,0.8050000000000006,7.975502744481503e-05,0.8050000000000006,0.0002063486844024401,0.8050000000000006,0.0003200781689841317
0.8100000000000006,0.3073054926136822,0.8100000000000006,0.4662147840624606,0.8100000000000006,2.559633505796895e-14,0.8100000000000006,3.930589264534302,0.8100000000000006,-1.592522013898406e-15,0.8100000000000006,-6.550655066827836e-15,0.8100000000000006,-4.57419110285504e-14,0.8100000000000006,-1.040235343704418e-14,0.8100000000000006,8.133837200644111e-05,0.8100000000000006,0.0002140362242624953,0.8100000000000006,0.0003197080159513367
0.8150000000000006,0.311400632353738,0.8150000000000006,0.4662186991509235,0.8150000000000006,2.628237180954543e-14,0.8150000000000006,3.850446317979857,0.8150000000000006,-1.621770361380925e-15,0.8150000000000006,-6.547921173153575e-15,0.8150000000000006,-4.566465166602616e-14,0.8150000000000006,-1.06733923662005e-14,0.8150000000000006,8.291941309155074e-05,0.8150000000000006,0.0002217476077523846,0.8150000000000006,0.0003192770364625622
0.8200000000000006,0.3155064828533868,0.8200000000000006,0.4662226077875075,0.8200000000000006,2.696803736104409e-14,0.8200000000000006,3.772739700652422,0.8200000000000006,-1.650554905499805e-15,0.8200000000000006,-6.545196441931799e-15,0.8200000000000006,-4.558522529775829e-14,0.8200000000000006,-1.094429381893655e-14,0.8200000000000006,8.44978610601226e-05,0.8200000000000006,0.0002294788599792004,0.8200000000000006,0.0003187887262175044
0.8250000000000006,0.3196229376324218,0.8250000000000006,0.466226509296582,0.8250000000000006,2.765262642630201e-14,0.8250000000000006,3.697377690955601,0.8250000000000006,-1.678852588938992e-15,0.8250000000000006,-6.542494172059667e-15,0.8250000000000006,-4.550382634530075e-14,0.8250000000000006,-1.121477832492547e-14,0.8250000000000006,8.607344300101299e-05,0.8250000000000006,0.0002372263317541366,0.8250000000000006,0.000318246322706549
0.8300000000000006,0.3237498989180228,0.8300000000000006,0.4662304030409286,0.8300000000000006,2.833546366104431e-14,0.8300000000000006,3.624271349987145,0.8300000000000006,-1.706642869365988e-15,0.8300000000000006,-6.539826548069359e-15,0.8300000000000006,-4.542064409130214e-14,0.8300000000000006,-1.148457828006852e-14,0.8300000000000006,8.764590150717867e-05,0.8300000000000006,0.0002449866681493401,0.8300000000000006,0.000317652828197517
0.8350000000000006,0.3278872772151945,0.8350000000000006,0.466234288418977,0.8350000000000006,2.901590567602135e-14,0.8350000000000006,3.553334656820659,0.8350000000000006,-1.733907691340631e-15,0.8350000000000006,-6.537204664134787e-15,0.8350000000000006,-4.533586216435492e-14,0.8350000000000006,-1.175343874234437e-14,0.8350000000000006,8.921499356039458e-05,0.8350000000000006,0.0002527567800771259,0.8350000000000006,0.0003170110306538614
0.8400000000000006,0.3320349908965143,0.8400000000000006,0.46623816486229,0.8400000000000006,2.969334263301115e-14,0.8400000000000006,3.484484590344612,0.8400000000000006,-1.76063143813476e-15,0.8400000000000006,-6.53463855400144e-15,0.8400000000000006,-4.524965809267278e-14,0.8400000000000006,-1.20211180626199e-14,0.8400000000000006,9.078048951526588e-05,0.8400000000000006,0.0002605338186878853,0.8400000000000006,0.000316323522710712
0.8450000000000006,0.336192965810632,0.8450000000000006,0.4662420318332663,0.8450000000000006,3.036719944005049e-14,0.8450000000000006,3.417641167762559,0.8450000000000006,-1.786800865854686e-15,0.8450000000000006,-6.532137226079626e-15,0.8450000000000006,-4.516220292723002e-14,0.8450000000000006,-1.228738835689643e-14,0.8450000000000006,9.234217217307275e-05,0.8450000000000006,0.0002683151523654809,0.8450000000000006,0.0003155927188506471
0.8500000000000006,0.3403611349089239,0.8500000000000006,0.4662458888230481,0.8500000000000006,3.103693656731637e-14,0.8500000000000006,3.352727448309583,0.8500000000000006,-1.812405022312117e-15,0.8500000000000006,-6.529708702921911e-15,0.8500000000000006,-4.507366093370252e-14,0.8500000000000006,-1.255203582846719e-14,0.8500000000000006,9.389983593675407e-05,0.8500000000000006,0.0002760983460943817,0.8500000000000006,0.0003148208709267209
0.8550000000000006,0.3445394378897,0.8550000000000006,0.4662497353496096,0.8550000000000006,3.170205050907526e-14,0.8550000000000006,3.289669509374476,0.8550000000000006,-1.837435153082689e-15,0.8550000000000006,-6.527360064306655e-15,0.8550000000000006,-4.498418935143205e-14,0.8550000000000006,-1.281486095004306e-14,0.8550000000000006,9.545328603910757e-05,0.8550000000000006,0.0002838811429770733,0.8550000000000006,0.0003140100821792298
0.8600000000000007,0.3487278208593536,0.8600000000000007,0.4662535709560081,0.8600000000000007,3.236207392007828e-14,0.8600000000000007,3.228396401029434,0.8600000000000007,-1.861884597132396e-15,0.8600000000000007,-6.525097493167448e-15,0.8600000000000007,-4.489393821668821e-14,0.8600000000000007,-1.30756785170757e-14,0.8600000000000007,9.70023378370261e-05,0.8600000000000007,0.0002916614476902333,0.8600000000000007,0.000313162319887296
0.8650000000000007,0.3529262360098293,0.8650000000000007,0.4662573952087807,0.8650000000000007,3.30165754567776e-14,0.8650000000000007,3.168840083946506,0.8650000000000007,-1.885748674290717e-15,0.8650000000000007,-6.522926323641069e-15,0.8650000000000007,-4.480305024673976e-14,0.8650000000000007,-1.333431758429726e-14,0.8650000000000007,9.854681616529385e-05,0.8650000000000007,0.0002994373116815276,0.8650000000000007,0.0003122794267882607
0.8700000000000007,0.3571346413117861,0.8700000000000007,0.4662612076964777,0.8700000000000007,3.36651593548481e-14,0.8700000000000007,3.110935354807583,0.8700000000000007,-1.909024566712832e-15,0.8700000000000007,-6.520851090550449e-15,0.8700000000000007,-4.471166078065205e-14,0.8700000000000007,-1.359062129793495e-14,0.8700000000000007,0.0001000865547441179,0.8700000000000007,0.0003072069199240139,0.8700000000000007,0.000311363131388331
0.8750000000000007,0.3613530002228412,0.8750000000000007,0.4662650080283162,0.8750000000000007,3.430746477483232e-14,0.8750000000000007,3.054619762575249,0.8750000000000007,-1.931711196311924e-15,0.8750000000000007,-6.518875579691756e-15,0.8750000000000007,-4.461989777229827e-14,0.8750000000000007,-1.384444663619079e-14,0.8750000000000007,0.0001016213956351685,0.8750000000000007,0.0003149685790609614,0.8750000000000007,0.0003104150572777278
0.8800000000000007,0.3655812814102802,0.8800000000000007,0.46626879583294,0.8800000000000007,3.494316494737662e-14,0.8800000000000007,2.999833518369305,0.8800000000000007,-1.953809099962509e-15,0.8800000000000007,-6.517002878353336e-15,0.8800000000000007,-4.452788183079026e-14,0.8800000000000007,-1.409566407043863e-14,0.8800000000000007,0.0001031511887414496,0.8800000000000007,0.0003227207067895813,0.8800000000000007,0.0003094367315533387
0.8850000000000007,0.369819458487632,0.8850000000000007,0.4662725707572765,0.8850000000000007,3.557196614862144e-14,0.8850000000000007,2.946519401172215,0.8850000000000007,-1.975320304086139e-15,0.8850000000000007,-6.515235425556252e-15,0.8850000000000007,-4.443572630338869e-14,0.8850000000000007,-1.434415715923214e-14,0.8850000000000007,0.0001046757913468062,0.8850000000000007,0.0003304618223472809,0.8850000000000007,0.0003084295924419332
0.8900000000000007,0.3740675097645108,0.8900000000000007,0.4662763324654878,0.8900000000000007,3.619360653494324e-14,0.8900000000000007,2.89462266115164,0.8900000000000007,-1.996248200036105e-15,0.8900000000000007,-6.513575061569722e-15,0.8900000000000007,-4.434353739591978e-14,0.8900000000000007,-1.458982208667739e-14,0.8900000000000007,0.0001061950676913278,0.8900000000000007,0.0003381905379782729,0.8900000000000007,0.0003073949962075815
0.8950000000000007,0.3783254180091456,0.8950000000000007,0.4662800806379982,0.8950000000000007,3.680785486453346e-14,0.8950000000000007,2.844090922027375,0.8950000000000007,-2.016597421504707e-15,0.8950000000000007,-6.512023076318032e-15,0.8950000000000007,-4.425141432579447e-14,0.8950000000000007,-1.483256715604608e-14,0.8950000000000007,0.0001077088885792899,0.8950000000000007,0.0003459055512715163,0.8950000000000007,0.0003063342234181865
0.9000000000000007,0.3825931702230397,0.9000000000000007,0.4662838149705935,0.9000000000000007,3.741450913133059e-14,0.9000000000000007,2.794874083611104,0.9000000000000007,-2.03637372498883e-15,0.9000000000000007,-6.51058025635681e-15,0.9000000000000007,-4.415944950287492e-14,0.9000000000000007,-1.507231224872601e-14,0.9000000000000007,0.0001092171310166399,0.9000000000000007,0.0003536056382730088,0.9000000000000007,0.0003052484846380033
0.9050000000000007,0.3868707574271944,0.9050000000000007,0.4662875351735932,0.9050000000000007,3.801339513468526e-14,0.9050000000000007,2.74692422540146,0.9050000000000007,-2.055583874170704e-15,0.9050000000000007,-6.509246930155191e-15,0.9050000000000007,-4.406772873364687e-14,0.9050000000000007,-1.530898825776034e-14,0.9050000000000007,0.0001107196778753391,0.9050000000000007,0.0003612896472863401,0.9050000000000007,0.0003041389256057548
0.9100000000000007,0.3911581744593789,0.9100000000000007,0.4662912409710778,0.9100000000000007,3.860436500590899e-14,0.9100000000000007,2.700195511914832,0.9100000000000007,-2.074235528903282e-15,0.9100000000000007,-6.508023011474905e-15,0.9100000000000007,-4.397633144441886e-14,0.9100000000000007,-1.554253650434477e-14,0.9100000000000007,0.0001122164175821575,0.9100000000000007,0.0003689564932852207,0.9100000000000007,0.0003030066319513766
0.9150000000000007,0.3954554197819193,0.9150000000000007,0.4662949321001704,0.9150000000000007,3.918729571059813e-14,0.9150000000000007,2.654644100267109,0.9150000000000007,-2.092337139335756e-15,0.9150000000000007,-6.506908040687859e-15,0.9150000000000007,-4.388533091956954e-14,0.9150000000000007,-1.577290814475791e-14,0.9150000000000007,0.0001137072438297616,0.9150000000000007,0.0003766051528704624,0.9150000000000007,0.0003018526334985474
0.9200000000000007,0.3997624952995101,0.9200000000000007,0.4662986083103766,0.9200000000000007,3.976208754339075e-14,0.9200000000000007,2.610228050387101,0.9200000000000007,-2.109897845574714e-15,0.9200000000000007,-6.505901223919206e-15,0.9200000000000007,-4.37947945511836e-14,0.9200000000000007,-1.600006357431605e-14,0.9200000000000007,0.0001151920553081608,0.9200000000000007,0.0003842346597116976,0.9200000000000007,0.0003006779081949242
0.9250000000000007,0.4040794061865745,0.9250000000000007,0.4663022693629586,0.9250000000000007,4.032866262964761e-14,0.9250000000000007,2.566907238133246,0.9250000000000007,-2.126927383151852e-15,0.9250000000000007,-6.505001469943558e-15,0.9250000000000007,-4.370478409675203e-14,0.9250000000000007,-1.62239718340863e-14,0.9250000000000007,0.0001166707554547664,0.9250000000000007,0.0003918441004210321,0.9250000000000007,0.0002994833857073285
0.9300000000000007,0.4084061607236935,0.9300000000000007,0.4663059150303639,0.9300000000000007,4.088696344648088e-14,0.9300000000000007,2.52464327149712,0.9300000000000007,-2.143435994459134e-15,0.9300000000000007,-6.504207424797812e-15,0.9300000000000007,-4.361535594194873e-14,0.9300000000000007,-1.644461002527373e-14,0.9300000000000007,0.0001181432522214983,0.9300000000000007,0.0003994326108119795,0.9300000000000007,0.0002982699507150009
0.9350000000000007,0.4127427701426801,0.9350000000000007,0.4663095450956851,0.9350000000000007,4.143695137361357e-14,0.9350000000000007,2.483399410006725,0.9350000000000007,-2.159434346217003e-15,0.9350000000000007,-6.503517504104756e-15,0.9350000000000007,-4.352656136582932e-14,0.9350000000000007,-1.666196273543023e-14,0.9350000000000007,0.0001196094578575223,0.9350000000000007,0.0004069993725024128,0.9350000000000007,0.0002970384459303827
0.9400000000000007,0.417089248479859,0.9400000000000007,0.4663131593521521,0.9400000000000007,4.197860528274958e-14,0.9400000000000007,2.443140487386161,0.9400000000000007,-2.174933452959904e-15,0.9400000000000007,-6.502929923128083e-15,0.9400000000000007,-4.343844680611933e-14,0.9400000000000007,-1.687602147991945e-14,0.9400000000000007,0.0001210692887063421,0.9400000000000007,0.0004145436098250589,0.9400000000000007,0.0002957896748736485
0.9450000000000007,0.4214456124371377,0.9450000000000007,0.4663167576026721,0.9450000000000007,4.251192017248753e-14,0.9450000000000007,2.403832837483725,0.9450000000000007,-2.189944606455136e-15,0.9450000000000007,-6.502442724601295e-15,0.9450000000000007,-4.335105412256995e-14,0.9450000000000007,-1.708678416142024e-14,0.9450000000000007,0.0001225226650160908,0.9450000000000007,0.0004220645870132603,0.9450000000000007,0.0002945244044243479
0.9500000000000007,0.425811881250495,0.9500000000000007,0.4663203396593807,0.9500000000000007,4.303690585431535e-14,0.9500000000000007,2.365444223445739,0.9500000000000007,-2.204479310914853e-15,0.9500000000000007,-6.502053804390889e-15,0.9500000000000007,-4.326442085664825e-14,0.9500000000000007,-1.729425454965906e-14,0.9500000000000007,0.0001239695107619752,0.9500000000000007,0.0004295616056334323,0.9500000000000007,0.0002932433671710126
0.9550000000000007,0.4301880765654975,0.9550000000000007,0.4663239053432336,0.9550000000000007,4.355358569388665e-14,0.9550000000000007,2.3279437700863,0.9550000000000007,-2.218549223815924e-15,0.9550000000000007,-6.501760935068567e-15,0.9550000000000007,-4.317858048609974e-14,0.9550000000000007,-1.749844178303339e-14,0.9550000000000007,0.0001254097534799215,0.9550000000000007,0.0004370340022388962,0.9550000000000007,0.0002919472635773276
0.9600000000000007,0.4345742223194911,0.9600000000000007,0.4663274544836175,0.9600000000000007,4.406199541059552e-14,0.9600000000000007,2.291301899382683,0.9600000000000007,-2.23216610210711e-15,0.9600000000000007,-6.501561787478398e-15,0.9600000000000007,-4.309356267317224e-14,0.9600000000000007,-1.769935989331901e-14,0.9600000000000007,0.0001268433241105643,0.9600000000000007,0.0004444811462226499,0.9600000000000007,0.0002906367639815295
0.9650000000000007,0.4389703446301227,0.9650000000000007,0.4663309869179923,0.9650000000000007,4.456218193742761e-14,0.9650000000000007,2.255490269010868,0.9650000000000007,-2.245341753556528e-15,0.9650000000000007,-6.501453950392702e-15,0.9650000000000007,-4.300939350551419e-14,0.9650000000000007,-1.78970273542434e-14,0.9650000000000007,0.0001282701568527866,0.9650000000000007,0.0004519024378491371,0.9650000000000007,0.0002893125104439308
0.9700000000000008,0.4433764716898768,0.9700000000000008,0.4663345024915442,0.9700000000000008,4.505420234216739e-14,0.9700000000000008,2.220481713824465,0.9700000000000008,-2.258087992973483e-15,0.9700000000000008,-6.501434948356456e-15,0.9700000000000008,-4.292609572896781e-14,0.9700000000000008,-1.809146665435203e-14,0.9700000000000008,0.0001296901890261033,0.9700000000000008,0.0004592973064473294,0.9700000000000008,0.0002879751184559487
0.9750000000000008,0.447792633666305,0.9750000000000008,0.4663380010568678,0.9750000000000008,4.553812281027059e-14,0.9750000000000008,2.186250190172888,0.9750000000000008,-2.270416603026695e-15,0.9750000000000008,-6.501502257823148e-15,0.9750000000000008,-4.284368897165977e-14,0.9750000000000008,-1.828270389428899e-14,0.9750000000000008,0.0001311033609412261,0.9750000000000008,0.0004666652087493509,0.9750000000000008,0.000286625178522651
0.9800000000000008,0.4522188626076522,0.9800000000000008,0.4663414824736637,0.9800000000000008,4.60140176890614e-14,0.9800000000000008,2.152770722949514,0.9800000000000008,-2.282339299374211e-15,0.9800000000000008,-6.501653321686901e-15,0.9800000000000008,-4.276218995895447e-14,0.9800000000000008,-1.847076840835707e-14,0.9800000000000008,0.0001325096157782201,0.9800000000000008,0.0004740056273606404,0.9800000000000008,0.0002852632576296271
0.9850000000000008,0.4566551923536116,0.9850000000000008,0.4663449466084557,0.9850000000000008,4.648196859237062e-14,0.9850000000000008,2.120019355258022,0.9850000000000008,-2.293867699818621e-15,0.9850000000000008,-6.501885562315512e-15,0.9850000000000008,-4.268161271897727e-14,0.9850000000000008,-1.865569241000664e-14,0.9850000000000008,0.0001339088994716996,0.9850000000000008,0.0004813180693491261,0.9850000000000008,0.0002838899006039221
0.9900000000000008,0.4611016584509249,0.9900000000000008,0.4663483933343175,0.9900000000000008,4.694206356428714e-14,0.9900000000000008,2.087973100584053,0.9900000000000008,-2.305013297203256e-15,0.9900000000000008,-6.502196393188021e-15,0.9900000000000008,-4.260196877853927e-14,0.9900000000000008,-1.883751066072756e-14,0.9900000000000008,0.0001353011606025642,0.9900000000000008,0.0004886020649422574,0.9900000000000008,0.0002825056313778299
0.9950000000000008,0.4655582980735803,0.9950000000000008,0.4663518225306272,0.9950000000000008,4.739439630033859e-14,0.9950000000000008,2.056609897359738,0.9950000000000008,-2.315787435770304e-15,0.9950000000000008,-6.502583229238081e-15,0.9950000000000008,-4.252326734940089e-14,0.9950000000000008,-1.901626016167715e-14,0.9950000000000008,0.0001366863502958157,0.9950000000000008,0.0004958571663219134,0.9950000000000008,0.0002811109541634895
1,0.4700251499473724,1,0.466355234082818,1,4.783906542413581e-14,1,2.02590856581009,1,-2.326201290709702e-15,1,-6.503043496001331e-15,1,-4.244551550490298e-14,1,-1.9191979867266e-14,1,0.0001380644221240299,1,0.0005030829465082445,1,0.0002797063545454802
