vdsat X,vdsat Y,vth X,vth Y,gmoverid X,gmoverid Y,cdd X,cdd Y,csb X,csb Y,id X,id Y,cgs X,cgs Y,cgd X,cgd Y,gds X,gds Y,gm X,gm Y
0,-0.034059528479107,0,-0.4255069850574349,0,32.24324946081096,0,1.121560776826812e-15,0,-2.854691540737663e-17,0,-2.170592214124387e-12,0,-1.305423818578426e-15,0,-1.115933969537425e-15,0,4.267513269729959e-12,0,6.277428433813436e-11
0.005,-0.0340595463679658,0.005,-0.4255069850574349,0.005,32.24055020724263,0.005,1.122659333651386e-15,0.005,-2.973848929774623e-17,0.005,-2.510364316899324e-12,0.005,-1.311561701137011e-15,0.005,-1.116729953332943e-15,0.005,5.014035086829016e-12,0.005,7.374929002547104e-11
0.01,-0.03405956738414471,0.01,-0.4255069850574349,0.01,32.23764209801106,0.01,1.123776515083457e-15,0.01,-3.096423571757828e-17,0.01,-2.909720118942189e-12,0.01,-1.317698351070409e-15,0.01,-1.117531280518837e-15,0.01,5.891064555840776e-12,0.01,8.664131106382173e-11
0.015,-0.0340595920738295,0.015,-0.4255069850574349,0.015,32.23450838851794,0.015,1.124912511077832e-15,0.015,-3.222512372513049e-17,0.015,-3.379057716339757e-12,0.015,-1.323822773803455e-15,0.015,-1.118337713072543e-15,0.015,6.921395240845975e-12,0.015,1.017847202648133e-10
0.02,-0.03405962107845496,0.02,-0.4255069850574349,0.02,32.23113095533522,0.02,1.126067528546526e-15,0.02,-3.352227570579452e-17,0.02,-3.930588676113769e-12,0.02,-1.329924070193156e-15,0.02,-1.119149015282086e-15,0.02,8.131795826052089e-12,0.02,1.195720858439455e-10
0.025,-0.03405965515127696,0.025,-0.4255069850574349,0.025,32.22749018206857,0.025,1.127241796131036e-15,0.025,-3.485699002306545e-17,0.025,-4.578653578425841e-12,0.025,-1.335991565772781e-15,0.025,-1.119964956593458e-15,0.025,9.553701797638503e-12,0.025,1.404642657481177e-10
0.03,-0.03405969517681756,0.03,-0.4255069850574349,0.03,32.22356483615125,0.03,1.128435569499718e-15,0.03,-3.623076619640411e-17,0.03,-5.340092269799058e-12,0.03,-1.342014960170833e-15,0.03,-1.120785314703736e-15,0.03,1.122402705962091e-11,0.03,1.650022436710316e-10
0.035,-0.0340597421936782,0.035,-0.4255069850574349,0.035,32.21933193594669,0.035,1.129649137206396e-15,0.035,-3.764533296388424e-17,0.035,-6.234678261404033e-12,0.035,-1.34798450008311e-15,0.035,-1.121609878902577e-15,0.035,1.318611616646243e-11,0.035,1.938210047716137e-10
0.04,-0.03405979742130084,0.04,-0.4255069850574349,0.04,32.21476660753272,0.04,1.130882827151748e-15,0.04,-3.910267963400974e-17,0.04,-7.285628319087598e-12,0.04,-1.353891179655823e-15,0.04,-1.122438453665385e-15,0.04,1.54908613913876e-11,0.04,2.276657994258277e-10
0.045,-0.0340598622913559,0.045,-0.4255069850574349,0.045,32.20984193051946,0.045,1.132137013695641e-15,0.045,-4.060509118080571e-17,0.045,-8.520200176285263e-12,0.045,-1.359726972657897e-15,0.045,-1.123270862502643e-15,0.045,1.819801298197705e-11,0.045,2.674112019686962e-10
0.05,-0.03405993848455072,0.05,-0.4255069850574349,0.05,32.20452877224566,0.05,1.13341212547656e-15,0.05,-4.215518758970522e-17,0.05,-9.97039350202093e-12,0.05,-1.365485101385817e-15,0.05,-1.124106952071708e-15,0.05,2.137771578198538e-11,0.05,3.140834396437419e-10
0.05499999999999999,-0.03406002797378736,0.05499999999999999,-0.4255069850574349,0.05499999999999999,32.19879560970578,0.05499999999999999,1.134708654003736e-15,0.05499999999999999,-4.375596801948763e-17,0.05499999999999999,-1.167377182571259e-11,0.05499999999999999,-1.37116034786208e-15,0.05499999999999999,-1.124946596559968e-15,0.05499999999999999,2.511231103442212e-11,0.05499999999999999,3.688865463911669e-10
0.05999999999999999,-0.03406013307475571,0.05999999999999999,-0.4255069850574349,0.05999999999999999,32.19260833857027,0.05999999999999999,1.136027163098751e-15,0.05999999999999999,-4.541086040831467e-17,0.05999999999999999,-1.367442611843896e-11,0.05999999999999999,-1.376749413565793e-15,0.05999999999999999,-1.125789702351646e-15,0.05999999999999999,2.949844875771345e-11,0.05999999999999999,4.332329884161896e-10
0.06499999999999999,-0.03406025650523035,0.06499999999999999,-0.4255069850574349,0.06499999999999999,32.18593006868844,0.06499999999999999,1.137368299276338e-15,0.06499999999999999,-4.712377722072555e-17,0.06499999999999999,-1.60241042258834e-11,0.06499999999999999,-1.38225133468181e-15,0.06499999999999999,-1.126636212994813e-15,0.06499999999999999,3.464956375674645e-11,0.06499999999999999,5.087795156776849e-10
0.06999999999999999,-0.03406040145455349,0.06999999999999999,-0.4255069850574349,0.06999999999999999,32.17872090550523,0.06999999999999999,1.138732803169162e-15,0.06999999999999999,-4.88991781084039e-17,0.06999999999999999,-1.878353442097956e-11,0.06999999999999999,-1.387667960684104e-15,0.06999999999999999,-1.127486114490491e-15,0.06999999999999999,4.069877726984093e-11,0.06999999999999999,5.974691177974142e-10
0.075,-0.03406057166503392,0.075,-0.4255069850574349,0.075,32.17093771689786,0.075,1.140121522118612e-15,0.075,-5.074214034197542e-17,0.075,-2.202397608538596e-11,0.075,-1.39300450499389e-15,0.075,-1.128339440932035e-15,0.075,4.780229666406793e-11,0.075,7.015801069963034e-10
0.08,-0.03406077152728061,0.08,-0.4255069850574349,0.08,32.16253388501267,0.08,1.141535424073388e-15,0.08,-5.265843796560701e-17,0.08,-2.582903604097681e-11,0.08,-1.398270177489401e-15,0.08,-1.129196280530557e-15,0.08,5.614339770838784e-11,0.08,8.237835174475736e-10
0.08500000000000001,-0.03406100619182447,0.08500000000000001,-0.4255069850574349,0.08500000000000001,32.15345904282217,0.08500000000000001,1.142975612960202e-15,0.08500000000000001,-5.465463073259543e-17,0.08500000000000001,-3.029679544573934e-11,0.08500000000000001,-1.403478909810171e-15,0.08500000000000001,-1.130056782070818e-15,0.08500000000000001,6.593708804475622e-11,0.08500000000000001,9.67210203205314e-10
0.09000000000000001,-0.03406128169977037,0.09000000000000001,-0.4255069850574349,0.09000000000000001,32.14365879526353,0.09000000000000001,1.144443345716438e-15,0.09000000000000001,-5.673816400054057e-17,0.09000000000000001,-3.5542299539721e-11,0.09000000000000001,-1.408650185715788e-15,0.09000000000000001,-1.130921161852149e-15,0.09000000000000001,7.743556684911582e-11,0.09000000000000001,1.13552923934605e-09
0.09500000000000001,-0.03406160513567247,0.09500000000000001,-0.4255069850574349,0.09500000000000001,32.1330744250368,0.09500000000000001,1.145940051203578e-15,0.09500000000000001,-5.891748090146998e-17,0.09500000000000001,-4.170047087253773e-11,0.09500000000000001,-1.413809990250291e-15,0.09500000000000001,-1.131789711180411e-15,0.09500000000000001,9.093461467824261e-11,0.09500000000000001,1.333039487316764e-09
0.1,-0.03406198480634623,0.1,-0.4255069850574349,0.1,32.12164258338562,0.1,1.147467351253017e-15,0.1,-6.120214825798158e-17,0.1,-4.892951574917134e-11,0.1,-1.418991893154826e-15,0.1,-1.132662804490037e-15,0.1,1.067810695358522e-10,0.1,1.564776480361082e-09
0.105,-0.03406243044993373,0.105,-0.4255069850574349,0.105,32.10929496650496,0.105,1.1490270841329e-15,0.105,-6.360299789389671e-17,0.105,-5.74149056068008e-11,0.105,-1.424238283890198e-15,0.105,-1.133540908189868e-15,0.105,1.25381570718254e-10,0.105,1.836637123437042e-09
0.11,-0.03406295348023325,0.11,-0.4255069850574349,0.11,32.09595797860651,0.11,1.15062133076661e-15,0.11,-6.613228518986621e-17,0.11,-6.737404037866846e-11,0.11,-1.42960177780592e-15,0.11,-1.134424590343014e-15,0.11,1.472127815339508e-10,0.11,2.155525089902603e-09
0.115,-0.03406356727210433,0.115,-0.4255069850574349,0.115,32.08155238314625,0.115,1.152252444080937e-15,0.115,-6.880386696353262e-17,0.115,-7.906171103356125e-11,0.115,-1.435146815450264e-15,0.115,-1.135314531309417e-15,0.115,1.728333361185307e-10,0.115,2.529520240603272e-09
0.12,-0.03406428749467932,0.12,-0.4255069850574349,0.12,32.06599294428364,0.12,1.153923081915726e-15,0.12,-7.163340101244228e-17,0.12,-9.277646324978612e-11,0.12,-1.440951479779685e-15,0.12,-1.136211535500541e-15,0.12,2.028977949465028e-10,0.12,2.968075896532196e-09
0.125,-0.03406513250016663,0.125,-0.4255069850574349,0.125,32.04918806132515,0.125,1.155636243987685e-15,0.125,-7.463856994722507e-17,0.125,-1.08868017445012e-10,0.125,-1.447109559110486e-15,0.125,-1.137116544418775e-15,0.125,2.381729390173421e-10,0.125,3.482248371099797e-09
0.13,-0.03406612377723691,0.13,-0.4255069850574349,0.13,32.03103939970431,0.13,1.157395313470088e-15,0.13,-7.783933226226884e-17,0.13,-1.277459312878937e-10,0.13,-1.453732887060796e-15,0.13,-1.138030651180089e-15,0.13,2.795567848948677e-10,0.13,4.084963819818277e-09
0.135,-0.03406728647935865,0.135,-0.4255069850574349,0.135,32.01144152299916,0.135,1.159204103828388e-15,0.135,-8.125820393832599e-17,0.135,-1.498897038276262e-10,0.135,-1.460953994432914e-15,0.135,-1.138955116747566e-15,0.135,3.281007627332192e-10,0.135,4.791328201764862e-09
0.14,-0.03406865004001281,0.14,-0.4255069850574349,0.14,31.99028153158644,0.14,1.161066911640439e-15,0.14,-8.492057423931265e-17,0.14,-1.758605513488706e-10,0.14,-1.468929111924689e-15,0.14,-1.139891388135967e-15,0.14,3.850355681576554e-10,0.14,5.618986976620066e-09
0.145,-0.03407024888848748,0.145,-0.4255069850574349,0.145,31.96743871480364,0.145,1.162988576230289e-15,0.145,-8.885505974133519e-17,0.145,-2.063151216922729e-10,0.145,-1.477841566619795e-15,0.145,-1.140841118883921e-15,0.145,4.518012775208214e-10,0.145,6.588542091479705e-09
0.15,-0.03407212328194949,0.15,-0.4255069850574349,0.15,31.94278422494646,0.15,1.164974547057468e-15,0.15,-9.309390099474973e-17,0.15,-2.42021454425084e-10,0.15,-1.487905619199941e-15,0.15,-1.141806192130958e-15,0.15,5.30082405875913e-10,0.15,7.724034850897798e-09
0.1550000000000001,-0.03407432027173342,0.1550000000000001,-0.4255069850574349,0.1550000000000001,31.91618078307976,0.1550000000000001,1.167030959930305e-15,0.1550000000000001,-9.767340653731016e-17,0.1550000000000001,-2.838775401200805e-10,0.1550000000000001,-1.499370792448336e-15,0.1550000000000001,-1.142788746681831e-15,0.1550000000000001,6.218486893674144e-10,0.1550000000000001,9.053504419123139e-09
0.1600000000000001,-0.03407689482428974,0.1600000000000001,-0.4255069850574349,0.1600000000000001,31.88748242848231,0.1600000000000001,1.169164723252602e-15,0.1600000000000001,-1.026344491998909e-16,0.1600000000000001,-3.329328839038399e-10,0.1600000000000001,-1.512526744427089e-15,0.1600000000000001,-1.143791206490464e-15,0.1600000000000001,7.294024901328185e-10,0.1600000000000001,1.060963298181602e-08
0.1650000000000001,-0.03407991112001242,0.1650000000000001,-0.4255069850574349,0.1650000000000001,31.85653432559346,0.1650000000000001,1.17138361566788e-15,0.1650000000000001,-1.080230197064667e-16,0.1650000000000001,-3.90413537036319e-10,0.1650000000000001,-1.527708741067096e-15,0.1650000000000001,-1.144816314050496e-15,0.1650000000000001,8.554338538581896e-10,0.1650000000000001,1.243049000102446e-08
0.1700000000000001,-0.03408344405622185,0.1700000000000001,-0.4255069850574349,0.1700000000000001,31.82317264454105,0.1700000000000001,1.173696396633331e-15,0.1700000000000001,-1.138908423699119e-16,0.1700000000000001,-4.57751126242592e-10,0.1700000000000001,-1.545303781902486e-15,0.1700000000000001,-1.145867168238351e-15,0.1700000000000001,1.003084399596646e-09,0.1700000000000001,1.456038953559984e-08
0.1750000000000001,-0.03408758098391799,0.1750000000000001,-0.4255069850574349,0.1750000000000001,31.78722453369839,0.1750000000000001,1.176112931633852e-15,0.1750000000000001,-1.202960570922338e-16,0.1750000000000001,-5.36616484500755e-10,0.1750000000000001,-1.565757428072425e-15,0.1750000000000001,-1.146947267217053e-15,0.1750000000000001,1.176021390243671e-09,0.1750000000000001,1.705087627121083e-08
0.1800000000000001,-0.0340924237115211,0.1800000000000001,-0.4255069850574349,0.1800000000000001,31.74850820517184,0.1800000000000001,1.178644333930369e-15,0.1800000000000001,-1.273039707154836e-16,0.1800000000000001,-6.289585696649661e-10,0.1800000000000001,-1.589581371841117e-15,0.1800000000000001,-1.148060557073176e-15,0.1800000000000001,1.378523522225364e-09,0.1800000000000001,1.996185770889195e-08
0.1850000000000001,-0.03409809081265984,0.1850000000000001,-0.4255069850574349,0.1850000000000001,31.70683315657985,0.1850000000000001,1.181303124918209e-15,0.1850000000000001,-1.349878788081257e-16,0.1850000000000001,-7.370494493255102e-10,0.1850000000000001,-1.617361769584813e-15,0.1850000000000001,-1.149211486922374e-15,0.1850000000000001,1.615580186729856e-09,0.1850000000000001,2.336290189507367e-08
0.1900000000000001,-0.03410472027909645,0.1900000000000001,-0.4255069850574349,0.1900000000000001,31.66200055482938,0.1900000000000001,1.184103415338687e-15,0.1900000000000001,-1.434299559206479e-16,0.1900000000000001,-8.635362323094668e-10,0.1900000000000001,-1.649768332707794e-15,0.1900000000000001,-1.150405071277034e-15,0.1900000000000001,1.89300619464091e-09,0.1900000000000001,2.733472213276116e-08
0.1950000000000001,-0.03411247256401827,0.1950000000000001,-0.4255069850574349,0.1950000000000001,31.6138038096495,0.1950000000000001,1.187061109723137e-15,0.1950000000000001,-1.527222078482733e-16,0.1950000000000001,-1.011500939796675e-09,0.1950000000000001,-1.687564129887703e-15,0.1950000000000001,-1.151646960516543e-15,0.1950000000000001,2.217574225919213e-09,0.1950000000000001,3.197087228353646e-08
0.2000000000000001,-0.03412153316614712,0.2000000000000001,-0.4255069850574349,0.2000000000000001,31.55360830914957,0.2000000000000001,1.190193868207414e-15,0.2000000000000001,-1.629664847400751e-16,0.2000000000000001,-1.184512264092432e-09,0.2000000000000001,-1.729335329892006e-15,0.2000000000000001,-1.15294342663738e-15,0.2000000000000001,2.59712989738676e-09,0.2000000000000001,3.736916354623409e-08
0.2050000000000001,-0.03413211478367293,0.2050000000000001,-0.4255069850574349,0.2050000000000001,31.48586720747135,0.2050000000000001,1.193520972672216e-15,0.2050000000000001,-1.742738820189257e-16,0.2050000000000001,-1.386669935500722e-09,0.2050000000000001,-1.777281903167085e-15,0.2050000000000001,-1.154301315606661e-15,0.2050000000000001,3.040691138568053e-09,0.2050000000000001,4.365408462982135e-08
0.2100000000000001,-0.0341444657438226,0.2100000000000001,-0.4255069850574349,0.2100000000000001,31.41419459071876,0.2100000000000001,1.197064870192902e-15,0.2100000000000001,-1.867703087467212e-16,0.2100000000000001,-1.622770125848731e-09,0.2100000000000001,-1.833521708642517e-15,0.2100000000000001,-1.155728585402102e-15,0.2100000000000001,3.558813868263822e-09,0.2100000000000001,5.097165087869722e-08
0.2150000000000001,-0.03415887338213999,0.2150000000000001,-0.4255069850574349,0.2150000000000001,31.33837359552689,0.2150000000000001,1.200850888387905e-15,0.2150000000000001,-2.005953683333566e-16,0.2150000000000001,-1.898376047832476e-09,0.2150000000000001,-1.899273857608172e-15,0.2150000000000001,-1.157234205747701e-15,0.2150000000000001,4.163750737801969e-09,0.2150000000000001,5.94857111023725e-08
0.2200000000000001,-0.03417566950448843,0.2200000000000001,-0.4255069850574349,0.2200000000000001,31.25818718567572,0.2200000000000001,1.204907525915672e-15,0.2200000000000001,-2.15902969456768e-16,0.2200000000000001,-2.219930418365402e-09,0.2200000000000001,-1.975897904842397e-15,0.2200000000000001,-1.158828258706712e-15,0.2200000000000001,4.869703074814997e-09,0.2200000000000001,6.938475670913762e-08
0.2250000000000001,-0.03419523670151078,0.2250000000000001,-0.4255069850574349,0.2250000000000001,31.17342042736414,0.2250000000000001,1.209266826671994e-15,0.2250000000000001,-2.328619132688783e-16,0.2250000000000001,-2.594887020023468e-09,0.2250000000000001,-2.0649010230831e-15,0.2250000000000001,-1.160522068535199e-15,0.2250000000000001,5.693116568882556e-09,0.2250000000000001,8.088532721510389e-08
0.2300000000000001,-0.03421801541168028,0.2300000000000001,-0.4255069850574349,0.2300000000000001,31.08386308774965,0.2300000000000001,1.213964785368206e-15,0.2300000000000001,-2.516561656587493e-16,0.2300000000000001,-3.031860296722897e-09,0.2300000000000001,-2.167942420000016e-15,0.2300000000000001,-1.162328342532463e-15,0.2300000000000001,6.65301899056945e-09,0.2300000000000001,9.423582496990988e-08
0.2350000000000001,-0.03424451178237674,0.2350000000000001,-0.4255069850574349,0.2350000000000001,30.98931254032382,0.2350000000000001,1.219041782056396e-15,0.2350000000000001,-2.724846849681591e-16,0.2350000000000001,-3.540795124401916e-09,0.2350000000000001,-2.286833783843323e-15,0.2350000000000001,-1.164261322042797e-15,0.2350000000000001,7.77140546833977e-09,0.2350000000000001,1.097207774382591e-07
0.2400000000000001,-0.03427530637024997,0.2400000000000001,-0.4255069850574349,0.2400000000000001,30.88957693905727,0.2400000000000001,1.224543041185788e-15,0.2400000000000001,-2.955606558444599e-16,0.2400000000000001,-4.133159094493741e-09,0.2400000000000001,-2.423534349400818e-15,0.2400000000000001,-1.166336942070381e-15,0.2400000000000001,9.073677545889663e-09,0.2400000000000001,1.276655875432786e-07
0.2450000000000001,-0.03431106370974421,0.2450000000000001,-0.4255069850574349,0.2450000000000001,30.78447859530741,0.2450000000000001,1.230519108435698e-15,0.2450000000000001,-3.211099674188239e-16,0.2450000000000001,-4.822159855888412e-09,0.2450000000000001,-2.580139044915886e-15,0.2450000000000001,-1.168572997151881e-15,0.2450000000000001,1.058914304550814e-08,0.2450000000000001,1.484418147757631e-07
0.2500000000000001,-0.03435254276111309,0.2500000000000001,-0.4255069850574349,0.2500000000000001,30.67385745654039,0.2500000000000001,1.237026335994068e-15,0.2500000000000001,-3.493687745855085e-16,0.2500000000000001,-5.622990279969093e-09,0.2500000000000001,-2.758858167801651e-15,0.2500000000000001,-1.170989310231036e-15,0.2500000000000001,1.235158469452773e-08,0.2500000000000001,1.724730319683053e-07
0.2550000000000001,-0.03440060822554603,0.2550000000000001,-0.4255069850574349,0.2550000000000001,30.55757454361254,0.2550000000000001,1.244127364358619e-15,0.2550000000000001,-3.805800017021113e-16,0.2550000000000001,-6.55310444292505e-09,0.2550000000000001,-2.961987206902783e-15,0.2550000000000001,-1.173607900373675e-15,0.2550000000000001,1.439990656048965e-08,0.2550000000000001,2.002413047189827e-07
0.2600000000000001,-0.03445624268411699,0.2600000000000001,-0.4255069850574349,0.2600000000000001,30.43551515385978,0.2600000000000001,1.251891586469654e-15,0.2600000000000001,-4.14988695341678e-16,0.2600000000000001,-7.632527658809717e-09,0.2600000000000001,-3.191865846628242e-15,0.2600000000000001,-1.17645314436872e-15,0.2600000000000001,1.677886862068161e-08,0.2600000000000001,2.32294342188236e-07
0.2650000000000001,-0.03452055947816115,0.2650000000000001,-0.4255069850574349,0.2650000000000001,30.30759158157977,0.2650000000000001,1.260395578491809e-15,0.2650000000000001,-4.528362117211202e-16,0.2650000000000001,-8.884204042956564e-09,0.2650000000000001,-3.450825901965798e-15,0.2650000000000001,-1.179551926738687e-15,0.2650000000000001,1.953992130289217e-08,0.2650000000000001,2.692533689294129e-07
0.2700000000000001,-0.03459481620052663,0.2700000000000001,-0.4255069850574349,0.2700000000000001,30.17374504787781,0.2700000000000001,1.26972348137135e-15,0.2700000000000001,-4.943533356281254e-16,0.2700000000000001,-1.033438533254894e-08,0.2700000000000001,-3.741128951919687e-15,0.2700000000000001,-1.18293377261518e-15,0.2700000000000001,2.274215362034346e-08,0.2700000000000001,3.118217667559113e-07
0.2750000000000001,-0.03468042860934252,0.2750000000000001,-0.4255069850574349,0.2750000000000001,30.03394647211127,0.2750000000000001,1.279967318919847e-15,0.2750000000000001,-5.397525645166704e-16,0.2750000000000001,-1.201306492841029e-08,0.2750000000000001,-4.064895705966244e-15,0.2750000000000001,-1.18663095850049e-15,0.2750000000000001,2.645337063005576e-08,0.2750000000000001,3.607945321147663e-07
0.2800000000000001,-0.03477898470832721,0.2800000000000001,-0.4255069850574349,0.2800000000000001,29.88819566316214,0.2800000000000001,1.291227241989737e-15,0.2800000000000001,-5.892199384122853e-16,0.2800000000000001,-1.395446133048124e-08,0.2800000000000001,-4.424030513806366e-15,0.2800000000000001,-1.190678597266782e-15,0.2800000000000001,3.07513184125596e-08,0.2800000000000001,4.17068586076713e-07
0.2850000000000001,-0.03489225866069576,0.2850000000000001,-0.4255069850574349,0.2850000000000001,29.7365184687148,0.2850000000000001,1.303611694397871e-15,0.2850000000000001,-6.429069290412177e-16,0.2850000000000001,-1.619755528817334e-08,0.2850000000000001,-4.820145689894581e-15,0.2850000000000001,-1.195114695869665e-15,0.2850000000000001,3.572507763400868e-08,0.2850000000000001,4.816539580506684e-07
0.2900000000000001,-0.03502222411873197,0.2900000000000001,-0.4255069850574349,0.2900000000000001,29.57896140540614,0.2900000000000001,1.317237504279867e-15,0.2900000000000001,-7.009229904614722e-16,0.2900000000000001,-1.878668502843468e-08,0.2900000000000001,-5.25449119478207e-15,0.2900000000000001,-1.199980187054721e-15,0.2900000000000001,4.147665002149794e-08,0.2900000000000001,5.556858368323648e-07
0.2950000000000002,-0.03517106646049286,0.2950000000000002,-0.4255069850574349,0.2950000000000002,29.41558331534722,0.2950000000000002,1.332229913694502e-15,0.2950000000000002,-7.633293901908858e-16,0.2950000000000002,-2.177220378939715e-08,0.2950000000000002,-5.727895428753527e-15,0.2950000000000002,-1.20531893952556e-15,0.2950000000000002,4.81227657375092e-08,0.2950000000000002,6.404374386064381e-07
0.3000000000000002,-0.03534119333267346,0.3000000000000002,-0.4255069850574349,0.3000000000000002,29.2464436700431,0.3000000000000002,1.348722568294984e-15,0.3000000000000002,-8.301348666106393e-16,0.3000000000000002,-2.521120347860585e-08,0.3000000000000002,-6.240722276165436e-15,0.3000000000000002,-1.211177754184332e-15,0.3000000000000002,5.579694360872091e-08,0.3000000000000002,7.373335749505457e-07
0.3050000000000002,-0.03553524280968444,0.3050000000000002,-0.4255069850574349,0.3050000000000002,29.07158728647639,0.3050000000000002,1.366857496285671e-15,0.3050000000000002,-9.012934960009204e-16,0.3050000000000002,-2.916830746216867e-08,0.3050000000000002,-6.792848087326439e-15,0.3050000000000002,-1.217606356641619e-15,0.3050000000000002,6.465184030730618e-08,0.3050000000000002,8.479647078634649e-07
0.3100000000000002,-0.03575608840043976,0.3100000000000002,-0.4255069850574349,0.3100000000000002,28.89102544544323,0.3100000000000002,1.386785110348566e-15,0.3100000000000002,-9.767049236388266e-16,0.3100000000000002,-3.371653410978637e-08,0.3100000000000002,-7.383660198906937e-15,0.3100000000000002,-1.224657397754046e-15,0.3100000000000002,7.486192866816813e-08,0.3100000000000002,9.741011463748833e-07
0.3150000000000002,-0.03600684007480288,0.3150000000000002,-0.4255069850574349,0.3150000000000002,28.70471371726791,0.3150000000000002,1.408664266878471e-15,0.3150000000000002,-1.056216858910058e-15,0.3150000000000002,-3.893823057283066e-08,0.3150000000000002,-8.012076246693422e-15,0.3150000000000002,-1.232386474178879e-15,0.3150000000000002,8.66265490113641e-08,0.3150000000000002,1.117706864484989e-06
0.3200000000000002,-0.03629084045106612,0.3200000000000002,-0.4255069850574349,0.3200000000000002,28.51252720350409,0.3200000000000002,1.432662413546774e-15,0.3200000000000002,-1.139629502987475e-15,0.3200000000000002,-4.492607313741686e-08,0.3200000000000002,-8.676581365869104e-15,0.3200000000000002,-1.240852179778113e-15,0.3200000000000002,1.001733801560172e-07,0.3200000000000002,1.280952199947674e-06
0.3250000000000002,-0.03661165529510131,0.3250000000000002,-0.4255069850574349,0.3250000000000002,28.31423437985717,0.3250000000000002,1.458955849525737e-15,0.3250000000000002,-1.226701411788357e-15,0.3250000000000002,-5.178412614726282e-08,0.3250000000000002,-9.375278802708115e-15,0.3250000000000002,-1.25011619637079e-15,0.3250000000000002,1.157623781557725e-07,0.3250000000000002,1.466224429826949e-06
0.3300000000000002,-0.03697305754184203,0.3300000000000002,-0.4255069850574349,0.3300000000000002,28.10947124184985,0.3300000000000002,1.487730113852475e-15,0.3300000000000002,-1.317156221222354e-15,0.3300000000000002,-5.962894573643584e-08,0.3300000000000002,-1.010594871483978e-14,0.3300000000000002,-1.26024342924186e-15,0.3300000000000002,1.336902299215514e-07,0.3300000000000002,1.676134921778805e-06
0.3350000000000002,-0.03737900417039502,0.3350000000000002,-0.4255069850574349,0.3350000000000002,27.89771795649876,0.3350000000000002,1.519180507875246e-15,0.3350000000000002,-1.410689677688847e-15,0.3350000000000002,-6.859070732980983e-08,0.3350000000000002,-1.086611003963898e-14,0.3350000000000002,-1.27130218948583e-15,0.3350000000000002,1.542953649842037e-07,0.3350000000000002,1.913521250241598e-06
0.3400000000000002,-0.03783360545265013,0.3400000000000002,-0.4255069850574349,0.3400000000000002,27.67828063636183,0.3400000000000002,1.553512748894479e-15,0.3400000000000002,-1.5069765055144e-15,0.3400000000000002,-7.881432707337121e-08,0.3400000000000002,-1.165308109582888e-14,0.3400000000000002,-1.283364422179379e-15,0.3400000000000002,1.779635607867506e-07,0.3400000000000002,2.181442377546528e-06
0.3450000000000002,-0.03834108635494297,0.3450000000000002,-0.4255069850574349,0.3450000000000002,27.45028108830165,0.3450000000000002,1.590943745000691e-15,0.3450000000000002,-1.605676773833904e-15,0.3450000000000002,-9.046053726274278e-08,0.3450000000000002,-1.246403577248873e-14,0.3450000000000002,-1.296505976893231e-15,0.3450000000000002,2.05134164195108e-07,0.3450000000000002,2.483164778253104e-06
0.3500000000000002,-0.03890574020047999,0.3500000000000002,-0.4255069850574349,0.3500000000000002,27.21265735682249,0.3500000000000002,1.631702476219734e-15,0.3500000000000002,-1.706441566010098e-15,0.3500000000000002,-1.037068649265436e-07,0.3500000000000002,-1.329605345373674e-14,0.3500000000000002,-1.310806915344257e-15,0.3500000000000002,2.363069335973962e-07,0.3500000000000002,2.822137289316753e-06
0.3550000000000002,-0.03953187508702229,0.3550000000000002,-0.4255069850574349,0.3550000000000002,26.96417750354846,0.3550000000000002,1.676030964407096e-15,0.3550000000000002,-1.80891787932085e-15,0.3550000000000002,-1.18748451783904e-07,0.3550000000000002,-1.414616198533233e-14,0.3550000000000002,-1.326351850055851e-15,0.3550000000000002,2.72049481470073e-07,0.3550000000000002,3.201952564092277e-06
0.3600000000000002,-0.04022375398181959,0.3600000000000002,-0.4255069850574349,0.3600000000000002,26.70346829748786,0.3600000000000002,1.724185313524654e-15,0.3600000000000002,-1.91275277619592e-15,0.3600000000000002,-1.357986439484633e-07,0.3600000000000002,-1.501137386676552e-14,0.3600000000000002,-1.343230307611623e-15,0.3600000000000002,3.130052664177216e-07,0.3600000000000002,3.626293357298174e-06
0.3650000000000002,-0.04098552985803826,0.3650000000000002,-0.4255069850574349,0.3650000000000002,26.42905934668012,0.3650000000000002,1.776436802430043e-15,0.3650000000000002,-2.017596866239104e-15,0.3650000000000002,-1.550892723922474e-07,0.3650000000000002,-1.588871640262156e-14,0.3650000000000002,-1.361537110260439e-15,0.3650000000000002,3.599020467070018e-07,0.3650000000000002,4.098862518636651e-06
0.3700000000000002,-0.04182117766106893,0.3700000000000002,-0.4255069850574349,0.3700000000000002,26.13944176015759,0.3700000000000002,1.833073013517102e-15,0.3700000000000002,-2.123107224060176e-15,0.3700000000000002,-1.768705418801544e-07,0.3700000000000002,-1.677525679817618e-14,0.3700000000000002,-1.381372770052626e-15,0.3700000000000002,4.135606650462236e-07,0.3700000000000002,4.62329654306762e-06
0.3750000000000002,-0.04273442526178937,0.3750000000000002,-0.4255069850574349,0.3750000000000002,25.83313883901929,0.3750000000000002,1.894398981945781e-15,0.3750000000000002,-2.228949849376245e-15,0.3750000000000002,-2.014104483956197e-07,0.3750000000000002,-1.76681232062752e-14,0.3750000000000002,-1.402843890176084e-15,0.3750000000000002,4.74903988270306e-07,0.3750000000000002,5.203063790738275e-06
0.3800000000000002,-0.04372868582885817,0.3800000000000002,-0.4255069850574349,0.3800000000000002,25.50878476128154,0.3800000000000002,1.960738351398585e-15,0.3800000000000002,-2.334801761934015e-15,0.3800000000000002,-2.289936543007906e-07,0.3800000000000002,-1.856452260801067e-14,0.3800000000000002,-1.426063568579793e-15,0.3800000000000002,5.44965777766811e-07,0.3800000000000002,5.841349971224242e-06
0.3850000000000002,-0.04480699419876003,0.3850000000000002,-0.4255069850574349,0.3850000000000002,25.16520597629908,0.3850000000000002,2.032434523043375e-15,0.3850000000000002,-2.440352802612178e-15,0.3850000000000002,-2.5991976738141e-07,0.3850000000000002,-1.946175621321471e-14,0.3850000000000002,-1.45115179923189e-15,0.3850000000000002,6.248992195805176e-07,0.3850000000000002,6.540935052291909e-06
0.3900000000000002,-0.04597194981426539,0.3900000000000002,-0.4255069850574349,0.3900000000000002,24.80149927300547,0.3900000000000002,2.109851784533974e-15,0.3900000000000002,-2.545307189646159e-15,0.3900000000000002,-2.945009945044202e-07,0.3900000000000002,-2.035723285519613e-14,0.3900000000000002,-1.478235866412699e-15,0.3900000000000002,7.159848002579142e-07,0.3900000000000002,7.304067224638464e-06
0.3950000000000002,-0.04722566862549318,0.3950000000000002,-0.4255069850574349,0.3950000000000002,24.41710038260418,0.3950000000000002,2.193376405395908e-15,0.3950000000000002,-2.64938485912815e-15,0.3950000000000002,-3.330591718882615e-07,0.3950000000000002,-2.124848066417803e-14,0.3950000000000002,-1.507450727274321e-15,0.3950000000000002,8.196371789809782e-07,0.3950000000000002,8.132340728394727e-06
0.4000000000000002,-0.04856974600484795,0.4000000000000002,-0.4255069850574349,0.4000000000000002,24.01183757463028,0.4000000000000002,2.283417684038948e-15,0.4000000000000002,-2.752322603714453e-15,0.4000000000000002,-3.759222099638955e-07,0.4000000000000002,-2.213315715464839e-14,0.4000000000000002,-1.538939377512561e-15,0.4000000000000002,9.374106817420283e-07,0.4000000000000002,9.02658502838404e-06
0.4050000000000002,-0.05000523223657904,0.4050000000000002,-0.4255069850574349,0.4050000000000002,23.5859659467927,0.4050000000000002,2.380408929960175e-15,0.4050000000000002,-2.853875013347713e-15,0.4050000000000002,-4.23420028610113e-07,0.4050000000000002,-2.300905775922243e-14,0.4050000000000002,-1.572853194411162e-15,0.4050000000000002,1.071003032323327e-06,0.4050000000000002,9.986772858870737e-06
0.4100000000000003,-0.05153262153811441,0.4100000000000003,-0.4255069850574349,0.4100000000000003,23.14017983058594,0.4100000000000003,2.484808362516522e-15,0.4100000000000003,-2.953815216400353e-15,0.4100000000000003,-4.758800947048972e-07,0.4100000000000003,-2.387412278301792e-14,0.4100000000000003,-1.609352250755606e-15,0.4100000000000003,1.222256940243745e-06,0.4100000000000003,1.101195396502259e-05
0.4150000000000003,-0.05315185490048608,0.4150000000000003,-0.4255069850574349,0.4150000000000003,22.67560269976008,0.4150000000000003,2.597099905027973e-15,0.4150000000000003,-3.051935418116288e-15,0.4150000000000003,-5.336227048093809e-07,0.4150000000000003,-2.47264427307108e-14,0.4150000000000003,-1.64860559219968e-15,0.4150000000000003,1.393159189441671e-06,0.4150000000000003,1.210021996444727e-05
0.4200000000000003,-0.05486233635291207,0.4200000000000003,-0.4255069850574349,0.4200000000000003,22.19375591308023,0.4200000000000003,2.717793849998328e-15,0.4200000000000003,-3.148047234545869e-15,0.4200000000000003,-5.969561780993005e-07,0.4200000000000003,-2.556426196431095e-14,0.4200000000000003,-1.690791469629494e-15,0.4200000000000003,1.58583691415238e-06,0.4200000000000003,1.324870375683734e-05
0.4250000000000003,-0.05666296161644353,0.4250000000000003,-0.4255069850574349,0.4250000000000003,21.69650930315244,0.4250000000000003,2.847427367990204e-15,0.4250000000000003,-3.24198182333048e-15,0.4250000000000003,-6.661721359138349e-07,0.4250000000000003,-2.638598067423462e-14,0.4250000000000003,-1.73609751693472e-15,0.4250000000000003,1.802550810006009e-06,0.4250000000000003,1.445361452987987e-05
0.4300000000000003,-0.05855215756239955,0.4300000000000003,-0.4255069850574349,0.4300000000000003,21.18601785742239,0.4300000000000003,2.986564829252799e-15,0.4300000000000003,-3.333589816823005e-15,0.4300000000000003,-7.415410432305041e-07,0.4300000000000003,-2.719015518145473e-14,0.4300000000000003,-1.784720863396241e-15,0.4300000000000003,2.045685107483663e-06,0.4300000000000003,1.571030690890163e-05
0.4350000000000003,-0.0605279304709302,0.4350000000000003,-0.4255069850574349,0.4350000000000003,20.66464942841247,0.4350000000000003,3.13579790367298e-15,0.4350000000000003,-3.422741067427255e-15,0.4350000000000003,-8.23308174098615e-07,0.4350000000000003,-2.797549662787825e-14,0.4350000000000003,-1.836868168667519e-15,0.4350000000000003,2.317734229071606e-06,0.4350000000000003,1.701338045477333e-05
0.4400000000000003,-0.06258792081672221,0.4400000000000003,-0.4255069850574349,0.4400000000000003,20.13490854908318,0.4400000000000003,3.295745401118984e-15,0.4400000000000003,-3.509324219185064e-15,0.4400000000000003,-9.116901390113015e-07,0.4400000000000003,-2.874086815073293e-14,0.4400000000000003,-1.892755567104346e-15,0.4400000000000003,2.621286157272971e-06,0.4400000000000003,1.835680377883596e-05
0.4450000000000003,-0.06472946219979848,0.4450000000000003,-0.4255069850574349,0.4450000000000003,19.59936108261366,0.4450000000000003,3.467052810906564e-15,0.4450000000000003,-3.593246123182909e-15,0.4450000000000003,-1.006872079898856e-06,0.4450000000000003,-2.94852806712295e-14,0.4450000000000003,-1.952608507031564e-15,0.4450000000000003,2.959002653729044e-06,0.4450000000000003,1.973405619866574e-05
0.4500000000000003,-0.06694964208159648,0.4500000000000003,-0.4255069850574349,0.4500000000000003,19.06056372196677,0.4500000000000003,3.650391496103253e-15,0.4500000000000003,-3.674431117083858e-15,0.4500000000000003,-1.109005601117012e-06,0.4500000000000003,-3.02078874559819e-14,0.4500000000000003,-2.016661469482813e-15,0.4500000000000003,3.333596585072698e-06,0.4500000000000003,2.113827919962215e-05
0.4550000000000003,-0.06924536215946779,0.4550000000000003,-0.4255069850574349,0.4550000000000003,18.52100141484085,0.4550000000000003,3.846457495886536e-15,0.4550000000000003,-3.752820190922258e-15,0.4550000000000003,-1.218207465952599e-06,0.4550000000000003,-3.090797763052506e-14,0.4550000000000003,-2.085157550076465e-15,0.4550000000000003,3.74780672338716e-06,0.4550000000000003,2.256242999585167e-05
0.4600000000000003,-0.07161339648717813,0.4600000000000003,-0.4255069850574349,0.4600000000000003,17.98303476348278,0.4600000000000003,4.055969887408614e-15,0.4600000000000003,-3.828370062223977e-15,0.4600000000000003,-1.334559051038024e-06,0.4600000000000003,-3.158496883749254e-14,0.4600000000000003,-2.158347887075236e-15,0.4600000000000003,4.204370492773914e-06,0.4600000000000003,2.399943011951795e-05
0.4650000000000003,-0.07405044579121749,0.4650000000000003,-0.4255069850574349,0.4650000000000003,17.4488584549619,0.4650000000000003,4.279668657843959e-15,0.4650000000000003,-3.901052183590705e-15,0.4650000000000003,-1.45810651834684e-06,0.4650000000000003,-3.223839923788845e-14,0.4650000000000003,-2.23649091840585e-15,0.4650000000000003,4.705995223237071e-06,0.4650000000000003,2.544230306731167e-05
0.4700000000000003,-0.07655318680882406,0.4700000000000003,-0.4255069850574349,0.4700000000000003,16.92047090296054,0.4700000000000003,4.518312037783558e-15,0.4700000000000003,-3.970851705211562e-15,0.4700000000000003,-1.588861638031003e-06,0.4700000000000003,-3.286791905309576e-14,0.4700000000000003,-2.31985145058546e-15,0.4700000000000003,5.255328544075407e-06,0.4700000000000003,2.688429642633105e-05
0.4750000000000003,-0.079118315852772,0.4750000000000003,-0.4255069850574349,0.4750000000000003,16.39965457949281,0.4750000000000003,4.772673249192717e-15,0.4750000000000003,-4.037766413461206e-15,0.4750000000000003,-1.726803176272275e-06,0.4750000000000003,-3.347328183871651e-14,0.4750000000000003,-2.408699523218412e-15,0.4750000000000003,5.854928597261381e-06,0.4750000000000003,2.831898541186471e-05
0.4800000000000003,-0.08174258616481046,0.4800000000000003,-0.4255069850574349,0.4800000000000003,15.88796600514279,0.4800000000000003,5.043536625075337e-15,0.4800000000000003,-4.101805664941537e-15,0.4800000000000003,-1.871878750736831e-06,0.4800000000000003,-3.405433567005368e-14,0.4800000000000003,-2.503309054097923e-15,0.4800000000000003,6.507234773977836e-06,0.4800000000000003,2.974035622229078e-05
0.4850000000000003,-0.08442283893558708,0.4850000000000003,-0.4255069850574349,0.4850000000000003,15.38673404512416,0.4850000000000003,5.331693064097254e-15,0.4850000000000003,-4.162989333155886e-15,0.4850000000000003,-2.024007051636839e-06,0.4850000000000003,-3.461101440405096e-14,0.4850000000000003,-2.603956252080674e-15,0.4850000000000003,7.214539672989667e-06,0.4850000000000003,3.114286893152071e-05
0.4900000000000003,-0.08715602813229499,0.4900000000000003,-0.4255069850574349,0.4900000000000003,14.89706500403915,0.4900000000000003,5.637934792000308e-15,0.4900000000000003,-4.221346782593524e-15,0.4900000000000003,-2.183080327814614e-06,0.4900000000000003,-3.514332916478619e-14,0.4900000000000003,-2.710917787898104e-15,0.4900000000000003,7.978962947702293e-06,0.4900000000000003,3.252150071949048e-05
0.4950000000000003,-0.08993923948096544,0.4950000000000003,-0.4255069850574349,0.4950000000000003,14.4198529932265,0.4950000000000003,5.963049412931633e-15,0.4950000000000003,-4.276915882459755e-15,0.4950000000000003,-2.348967043392777e-06,0.4950000000000003,-3.56513601800402e-14,0.4950000000000003,-2.824468717011524e-15,0.4950000000000003,8.802427650964903e-06,0.4950000000000003,3.387177104974174e-05
0.5000000000000003,-0.09276970409841531,0.5000000000000003,-0.4255069850574349,0.5000000000000003,13.95579412621612,0.5000000000000003,6.307813247989186e-15,0.5000000000000003,-4.329742069709909e-15,0.5000000000000003,-2.521514620004808e-06,0.5000000000000003,-3.613524907580225e-14,0.5000000000000003,-2.944880153568508e-15,0.5000000000000003,9.686639605718622e-06,0.5000000000000003,3.51897509388037e-05
0.5050000000000003,-0.09564480736357009,0.5050000000000003,-0.4255069850574349,0.5050000000000003,13.50540324650181,0.5050000000000003,6.672983975418375e-15,0.5050000000000003,-4.379877468516311e-15,0.5050000000000003,-2.700552191128832e-06,0.5050000000000003,-3.659519171446373e-14,0.5050000000000003,-3.072416700500995e-15,0.5050000000000003,1.063307022957795e-05,0.5050000000000003,3.647205874958502e-05
0.5100000000000003,-0.09856209366599281,0.5100000000000003,-0.4255069850574349,0.5100000000000003,13.06903207831135,0.5100000000000003,7.059292606914364e-15,0.5100000000000003,-4.427380070881572e-15,0.5100000000000003,-2.885893307450279e-06,0.5100000000000003,-3.703143164139403e-14,0.5100000000000003,-3.20733364779622e-15,0.5100000000000003,1.164294312747343e-05,0.5100000000000003,3.771584502112231e-05
0.5150000000000003,-0.1015192676792686,0.5150000000000003,-0.4255069850574349,0.5150000000000003,12.6468878916987,0.5150000000000003,7.467434857164108e-15,0.5150000000000003,-4.472312980863911e-15,0.5150000000000003,-3.077338544565243e-06,0.5150000000000003,-3.744425418401164e-14,0.5150000000000003,-3.349873958891063e-15,0.5150000000000003,1.271722464438141e-05,0.5150000000000003,3.891876876789718e-05
0.5200000000000004,-0.1045141927870005,0.5200000000000004,-0.4255069850574349,0.5200000000000004,12.2390519706007,0.5200000000000004,7.898061988665359e-15,0.5200000000000004,-4.514743722840739e-15,0.5200000000000004,-3.274677976030867e-06,0.5200000000000004,-3.783398122765889e-14,0.5200000000000004,-3.500265073836346e-15,0.5200000000000004,1.385661844596301e-05,0.5200000000000004,4.007896749167102e-05
0.5250000000000004,-0.1075448872478934,0.5250000000000004,-0.4255069850574349,0.5250000000000004,11.84549735463118,0.5250000000000004,8.351771240345684e-15,0.5250000000000004,-4.554743612437536e-15,0.5250000000000004,-3.477693485333041e-06,0.5250000000000004,-3.820096667382936e-14,0.5250000000000004,-3.658715567126168e-15,0.5250000000000004,1.506156407455194e-05,0.5250000000000004,4.119502289082949e-05
0.5300000000000004,-0.1106095186310852,0.5300000000000004,-0.4255069850574349,0.5300000000000004,11.46610548531514,0.5300000000000004,8.829095975690135e-15,0.5300000000000004,-4.592387187211903e-15,0.5300000000000004,-3.686160899528205e-06,0.5300000000000004,-3.8545592568784e-14,0.5300000000000004,-3.82541170758033e-15,0.5300000000000004,1.633223931671134e-05,0.5300000000000004,4.226592396242556e-05
0.5350000000000004,-0.1137063969898042,0.5350000000000004,-0.4255069850574349,0.5350000000000004,11.1006815219868,0.5350000000000004,9.330495712877036e-15,0.5350000000000004,-4.627751692923814e-15,0.5350000000000004,-3.899851935040918e-06,0.5350000000000004,-3.886826587452017e-14,0.5350000000000004,-4.00051397702296e-15,0.5350000000000004,1.766856612102192e-05,0.5350000000000004,4.329102889780955e-05
0.5400000000000004,-0.116833967175575,0.5400000000000004,-0.4255069850574349,0.5400000000000004,10.74896820128813,0.5400000000000004,9.856346224515438e-15,0.5400000000000004,-4.660916620251392e-15,0.5400000000000004,-4.118535952389426e-06,0.5400000000000004,-3.916941583961058e-14,0.5400000000000004,-4.184153613263067e-15,0.5400000000000004,1.90702197242323e-05,0.5400000000000004,4.427002689298531e-05
0.5450000000000004,-0.1199908006303088,0.5450000000000004,-0.4255069850574349,0.5450000000000004,10.41065819860201,0.5450000000000004,1.040692991652465e-14,0.5450000000000004,-4.691963286130723e-15,0.5450000000000004,-4.341981521571665e-06,0.5450000000000004,-3.944949191479111e-14,0.5450000000000004,-4.37642925054634e-15,0.5450000000000004,2.053664058252078e-05,0.5450000000000004,4.520290074146714e-05
0.5500000000000004,-0.1231755869323889,0.5500000000000004,-0.4255069850574349,0.5500000000000004,10.08540501245803,0.5500000000000004,1.098242671296492e-14,0.5500000000000004,-4.720974453506497e-15,0.5500000000000004,-4.569957803623494e-06,0.5500000000000004,-3.970896214755056e-14,0.5500000000000004,-4.577403736677602e-15,0.5500000000000004,2.206704866325619e-05,0.5500000000000004,4.608989085648558e-05
0.5550000000000004,-0.1263871253169978,0.5550000000000004,-0.4255069850574349,0.5550000000000004,9.772832437144594,0.5550000000000004,1.158290568469734e-14,0.5550000000000004,-4.74803398316953e-15,0.5550000000000004,-4.802235756625377e-06,0.5550000000000004,-3.994831198155669e-14,0.5550000000000004,-4.787101209878403e-15,0.5550000000000004,2.366045963097969e-05,0.5550000000000004,4.693146118267254e-05
0.5600000000000004,-0.1296243163413748,0.5600000000000004,-0.4255069850574349,0.5600000000000004,9.47254271775733,0.5600000000000004,1.220831766321987e-14,0.5600000000000004,-4.773226511513082e-15,0.5600000000000004,-5.038589176350829e-06,0.5600000000000004,-4.016804338073624e-14,0.5600000000000004,-5.005504519655697e-15,0.5600000000000004,2.531570245802118e-05,0.5600000000000004,4.7728267303711e-05
0.5650000000000004,-0.1328861538228248,0.5650000000000004,-0.4255069850574349,0.5650000000000004,9.184123498877586,0.5650000000000004,1.285848907574229e-14,0.5650000000000004,-4.796637148441079e-15,0.5650000000000004,-5.278795582978549e-06,0.5650000000000004,-4.036867419438404e-14,0.5650000000000004,-5.232553074112161e-15,0.5650000000000004,2.703143800308906e-05,0.5650000000000004,4.848112692899761e-05
0.5700000000000004,-0.1361717171410087,0.5700000000000004,-0.4255069850574349,0.5700000000000004,8.907153685853929,0.5700000000000004,1.353311722272834e-14,0.5700000000000004,-4.818351190279002e-15,0.5700000000000004,-5.522636965968528e-06,0.5700000000000004,-4.05507376789252e-14,0.5700000000000004,-5.468141190948889e-15,0.5700000000000004,2.880617812763144e-05,0.5700000000000004,4.919099284536712e-05
0.5750000000000004,-0.1394801639660304,0.5750000000000004,-0.4255069850574349,0.5750000000000004,8.6412083387001,0.5750000000000004,1.423176719444013e-14,0.5750000000000004,-4.838453843336328e-15,0.5750000000000004,-5.769900399455164e-06,0.5750000000000004,-4.071478209395667e-14,0.5750000000000004,-5.712117020788429e-15,0.5750000000000004,3.063830495680383e-05,0.5750000000000004,4.985892834538208e-05
0.5800000000000004,-0.1428107234494721,0.5800000000000004,-0.4255069850574349,0.5800000000000004,8.385862714953026,0.5800000000000004,1.495387058870067e-14,0.5800000000000004,-4.857029954704935e-15,0.5800000000000004,-6.020378540435526e-06,0.5800000000000004,-4.086137029490904e-14,0.5800000000000004,-5.964282099462317e-15,0.5800000000000004,3.252608993641984e-05,0.5800000000000004,5.048608508772048e-05
0.5850000000000004,-0.146162689896236,0.5850000000000004,-0.4255069850574349,0.5850000000000004,8.140695571068784,0.5850000000000004,1.569872614900227e-14,0.5850000000000004,-4.874163747902292e-15,0.5850000000000004,-6.273870021714597e-06,0.5850000000000004,-4.099107925195618e-14,0.5850000000000004,-6.224391570861281e-15,0.5850000000000004,3.446771238640196e-05,0.5850000000000004,5.107368330432186e-05
0.5900000000000004,-0.1495354169201154,0.5900000000000004,-0.4255069850574349,0.5900000000000004,7.90529182332477,0.5900000000000004,1.646550239168429e-14,0.5900000000000004,-4.889938562029287e-15,0.5900000000000004,-6.530179751078076e-06,0.5900000000000004,-4.110449943439926e-14,0.5900000000000004,-6.492155104345763e-15,0.5900000000000004,3.646127730233999e-05,0.5900000000000004,5.162299424015865e-05
0.5950000000000004,-0.1528517714521138,0.5950000000000004,-0.4255220219912859,0.5950000000000004,7.679244659676118,0.5950000000000004,1.725324223519251e-14,0.5950000000000004,-4.904436594156351e-15,0.5950000000000004,-6.789119127549913e-06,0.5950000000000004,-4.120223401128386e-14,0.5950000000000004,-6.767238511260499e-15,0.5950000000000004,3.850483220752449e-05,0.5950000000000004,5.213532469224746e-05
0.6000000000000004,-0.1562609319095088,0.6000000000000004,-0.4255226009107406,0.6000000000000004,7.462157184253956,0.6000000000000004,1.806086958587629e-14,0.6000000000000004,-4.917738645626231e-15,0.6000000000000004,-7.050506184900967e-06,0.6000000000000004,-4.128489783199104e-14,0.6000000000000004,-7.049266044649879e-15,0.6000000000000004,4.059638290643265e-05,0.6000000000000004,5.261200350274064e-05
0.6050000000000004,-0.1596891738348916,0.6050000000000004,-0.4255231848619881,0.6050000000000004,7.253643666656174,0.6050000000000004,1.888719777612084e-14,0.6050000000000004,-4.929923873819264e-15,0.6050000000000004,-7.31416567183606e-06,0.6050000000000004,-4.135311616440462e-14,0.6050000000000004,-7.337823345787659e-15,0.6050000000000004,4.273390803567851e-05,0.6050000000000004,5.305436985495157e-05
0.6100000000000004,-0.1631360406757302,0.6100000000000004,-0.4255237734717833,0.6100000000000004,7.053330459162451,0.6100000000000004,1.973093969472267e-14,0.6100000000000004,-4.941069551628249e-15,0.6100000000000004,-7.579929077530485e-06,0.6100000000000004,-4.140752318237672e-14,0.6100000000000004,-7.632460981618689e-15,0.6100000000000004,4.491537234897574e-05,0.6100000000000004,5.34637632196431e-05
0.6150000000000004,-0.1666011126243784,0.6150000000000004,-0.4255243663817629,0.6150000000000004,6.860856636684171,0.6150000000000004,2.059071939904241e-14,0.6150000000000004,-4.951250837403912e-15,0.6150000000000004,-7.84763461042757e-06,0.6150000000000004,-4.144876020794934e-14,0.6150000000000004,-7.93269849962038e-15,0.6150000000000004,4.713873870807855e-05,0.6150000000000004,5.384151480076186e-05
0.6200000000000004,-0.1700840032938117,0.6200000000000004,-0.425524963248316,0.6200000000000004,6.675874406719273,0.6200000000000004,2.14650849560843e-14,0.6200000000000004,-4.96054055844158e-15,0.6200000000000004,-8.117127137465669e-06,0.6200000000000004,-4.147747372653162e-14,0.6200000000000004,-8.238028911791097e-15,0.6200000000000004,4.940197878175625e-05,0.6200000000000004,5.418894033418881e-05
0.6250000000000004,-0.1735843567192087,0.6250000000000004,-0.4255255637423727,0.6250000000000004,6.498049329847503,0.6250000000000004,2.23525222272318e-14,0.6250000000000004,-4.969009011178851e-15,0.6250000000000004,-8.388258090185096e-06,0.6250000000000004,-4.149431320443068e-14,0.6250000000000004,-8.547923508152214e-15,0.6250000000000004,5.170308247962772e-05,0.6250000000000004,5.45073340993145e-05
0.6300000000000004,-0.1771018446573191,0.6300000000000004,-0.4255261675491365,0.6300000000000004,6.327060385354789,0.6300000000000004,2.325146929028653e-14,0.6300000000000004,-4.976723781171033e-15,0.6300000000000004,-8.660885343480597e-06,0.6300000000000004,-4.149992874734427e-14,0.6300000000000004,-8.861836892788701e-15,0.6300000000000004,5.40400661673747e-05,0.6300000000000004,5.479796401078817e-05
0.6350000000000005,-0.1806361641567326,0.6350000000000005,-0.4255267743677664,0.6350000000000005,6.162599911370533,0.6350000000000005,2.416033118338184e-14,0.6350000000000005,-4.983749585624344e-15,0.6350000000000005,-8.93487307212067e-06,0.6350000000000005,-4.149496864532835e-14,0.6350000000000005,-9.179212132283998e-15,0.6350000000000005,5.641097972485661e-05,0.6350000000000005,5.506206766619764e-05
0.6400000000000005,-0.1841870353736226,0.6400000000000005,-0.4255273839110175,0.6400000000000005,6.00437344438022,0.6400000000000005,2.507749465822809e-14,0.6400000000000005,-4.990148140825708e-15,0.6400000000000005,-9.210091589552984e-06,0.6400000000000005,-4.148007685418031e-14,0.6400000000000005,-9.499485907412593e-15,0.6400000000000005,5.881391251944202e-05,0.6400000000000005,5.530084923435398e-05
0.6450000000000005,-0.1877541996091922,0.6450000000000005,-0.4255279959048593,0.6450000000000005,5.852099479071136,0.6450000000000005,2.600134264425836e-14,0.6450000000000005,-4.995978056247668e-15,0.6450000000000005,-9.486417172958144e-06,0.6450000000000005,-4.145589046510156e-14,0.6450000000000005,-9.822093563881236e-15,0.6450000000000005,6.124699837398186e-05,0.6450000000000005,5.55154770780048e-05
0.6500000000000005,-0.1913374175467941,0.6500000000000005,-0.4255286100880576,0.6500000000000005,5.705509166112933,0.6500000000000005,2.693026814926719e-14,0.6500000000000005,-5.001294756467803e-15,0.6500000000000005,-9.763731878002877e-06,0.6500000000000005,-4.14230372140425e-14,0.6500000000000005,-1.014647396629889e-14,0.6500000000000005,6.370841961283136e-05,0.6500000000000005,5.570708201395249e-05
0.6550000000000005,-0.1949364676684515,0.6550000000000005,-0.425529226211754,0.6550000000000005,5.564345962601411,0.6550000000000005,2.786268735429513e-14,0.6550000000000005,-5.006150431364614e-15,0.6550000000000005,-1.004192334627845e-05,0.6550000000000005,-4.138213307951639e-14,0.6550000000000005,-1.047207407078513e-14,0.6550000000000005,6.619641027071576e-05,0.6550000000000005,5.587675612253587e-05
0.6600000000000005,-0.1985511448322514,0.6600000000000005,-0.4255298440390259,0.6600000000000005,5.428365247442843,0.6600000000000005,2.879705169872559e-14,0.6600000000000005,-5.010594014375214e-15,0.6600000000000005,-1.032088460798797e-05,0.6600000000000005,-4.133378001323734e-14,0.6600000000000005,-1.079835314497078e-14,0.6600000000000005,6.870925854852299e-05,0.6600000000000005,5.602555202711004e-05
0.6650000000000005,-0.2021812589937585,0.6650000000000005,-0.4255304633444446,0.6650000000000005,5.297333911869503,0.6650000000000005,2.973185879362773e-14,0.6650000000000005,-5.014671187959135e-15,0.6650000000000005,-1.06005138820681e-05,0.6650000000000005,-4.127856384207906e-14,0.6650000000000005,-1.112478657883407e-14,0.6650000000000005,7.124530859777034e-05,0.6650000000000005,5.615448257242805e-05
0.6700000000000005,-0.2058266340561811,0.6700000000000005,-0.42553108391363,0.6700000000000005,5.171029933506467,0.6700000000000005,3.066566204510327e-14,0.6700000000000005,-5.01842441483562e-15,0.6700000000000005,-1.088071437559141e-05,0.6700000000000005,-4.121705237299548e-14,0.6700000000000005,-1.145086924508314e-14,0.6700000000000005,7.38029617119193e-05,0.6700000000000005,5.626452083862068e-05
0.6750000000000005,-0.2094871068355167,0.6750000000000005,-0.4255317055428092,0.6750000000000005,5.049241940908928,0.6750000000000005,3.159707891275538e-14,0.6750000000000005,-5.021892993070678e-15,0.6750000000000005,-1.116139408399593e-05,0.6750000000000005,-4.114979372511986e-14,0.6750000000000005,-1.17761183829374e-14,0.6750000000000005,7.638067699827497e-05,0.6750000000000005,5.635660043473908e-05
0.6800000000000005,-0.2131625261282889,0.6800000000000005,-0.4255323280383785,0.6800000000000005,4.931768774220981,0.6800000000000005,3.252479776962365e-14,0.6800000000000005,-5.025113132698959e-15,0.6800000000000005,-1.144246559342216e-05,0.6800000000000005,-4.107731490566487e-14,0.6800000000000005,-1.210007599355507e-14,0.6800000000000005,7.897697159918149e-05,0.6800000000000005,5.643161602254365e-05
0.6850000000000005,-0.2168527518707596,0.6850000000000005,-0.4255329512164729,0.6850000000000005,4.8184190465359,0.6850000000000005,3.344758336760444e-14,0.6850000000000005,-5.028118051280498e-15,0.6850000000000005,-1.172384588620558e-05,0.6850000000000005,-4.100012063883864e-14,0.6850000000000005,-1.24223107485107e-14,0.6850000000000005,8.15904205258755e-05,0.6850000000000005,5.649042402738434e-05
0.6900000000000005,-0.2205576543796652,0.6900000000000005,-0.4255335749025406,0.6900000000000005,4.709010709636332,0.6900000000000005,3.436428094543814e-14,0.6900000000000005,-5.030938085614214e-15,0.6900000000000005,-1.200545615036913e-05,0.6900000000000005,-4.091869245006607e-14,0.6900000000000005,-1.274241942427107e-14,0.6900000000000005,8.421965616287196e-05,0.6900000000000005,5.653384349862272e-05
0.6950000000000005,-0.2242771136655871,0.6950000000000005,-0.4255341989309364,0.6950000000000005,4.603370627034669,0.6950000000000005,3.527381904413081e-14,0.6950000000000005,-5.033600816752739e-15,0.6950000000000005,-1.228722159378361e-05,0.6950000000000005,-4.08334880015826e-14,0.6950000000000005,-1.306002788532044e-14,0.6950000000000005,8.686336749529143e-05,0.6950000000000005,5.656265708711405e-05
0.7000000000000005,-0.2280110188110302,0.7000000000000005,-0.4255348231445199,0.7000000000000005,4.50133415659815,0.7000000000000005,3.617521111685927e-14,0.7000000000000005,-5.03613120547715e-15,0.7000000000000005,-1.256907126351237e-05,0.7000000000000005,-4.074494067010722e-14,0.7000000000000005,-1.337479164633199e-14,0.7000000000000005,8.95202991062155e-05,0.7000000000000005,5.657761211181692e-05
0.7050000000000005,-0.2317592674061419,0.7050000000000005,-0.4255354473942642,0.7050000000000005,4.402744744511595,0.7050000000000005,3.706755603698868e-14,0.7050000000000005,-5.038551735482744e-15,0.7050000000000005,-1.285093787072582e-05,0.7050000000000005,-4.065345935288939e-14,0.7050000000000005,-1.368639604957136e-14,0.7050000000000005,9.218924998605662e-05,0.7050000000000005,5.657942169165915e-05
0.7100000000000005,-0.2355217650357909,0.7100000000000005,-0.4255360715388865,0.7100000000000005,4.307453531887065,0.7100000000000005,3.795003761905392e-14,0.7100000000000005,-5.040882561683411e-15,0.7100000000000005,-1.313275762146011e-05,0.7100000000000005,-4.055942848498715e-14,0.7100000000000005,-1.39945560976374e-14,0.7100000000000005,9.486907219111897e-05,0.7100000000000005,5.65687659223908e-05
0.7150000000000005,-0.2392984248124155,0.7150000000000005,-0.425536695444482,0.7150000000000005,4.215318974961333,0.7150000000000005,3.882192327387709e-14,0.7150000000000005,-5.043141661247878e-15,0.7150000000000005,-1.341447005340088e-05,0.7150000000000005,-4.046320824815307e-14,0.7150000000000005,-1.429901598385209e-14,0.7150000000000005,9.755866938404273e-05,0.7150000000000005,5.654629308133673e-05
0.7200000000000005,-0.2430891669496889,0.7200000000000005,-0.4255373189841785,0.7200000000000005,4.126206479516902,0.7200000000000005,3.968256192099051e-14,0.7200000000000005,-5.045344985220827e-15,0.7200000000000005,-1.369601787879372e-05,0.7200000000000005,-4.036513495011482e-14,0.7200000000000005,-1.459954836330909e-14,0.7200000000000005,0.000100256995284688,0.7200000000000005,5.651262084575148e-05
0.7250000000000005,-0.2468939183725893,0.7250000000000005,-0.4255379420378004,0.7250000000000005,4.039988049911331,0.7250000000000005,4.053138127987206e-14,0.7250000000000005,-5.047506608842688e-15,0.7250000000000005,-1.397734683351719e-05,0.7250000000000005,-4.026552155225286e-14,0.7250000000000005,-1.489595340700985e-14,0.7250000000000005,0.0001029630520562302,0.7250000000000005,5.64683375129179e-05
0.7300000000000005,-0.2507126123599794,0.7300000000000005,-0.4255385644915501,0.7300000000000005,3.956541952893757,0.7300000000000005,4.136788465687013e-14,0.7300000000000005,-5.049638878951254e-15,0.7300000000000005,-1.425840553230036e-05,0.7300000000000005,-4.016465832358832e-14,0.7300000000000005,-1.518805767989967e-14,0.7300000000000005,0.0001056758886478133,0.7300000000000005,5.641400321224887e-05
0.7350000000000005,-0.2545451882162286,0.7350000000000005,-0.4255391862376987,0.7350000000000005,3.875752396220797,0.7350000000000005,4.219164733777242e-14,0.7350000000000005,-5.051752557116354e-15,0.7350000000000005,-1.453914533002182e-05,0.7350000000000005,-4.006281359948667e-14,0.7350000000000005,-1.547571288119838e-14,0.7350000000000005,0.0001083945991120139,0.7350000000000005,5.63501511014836e-05
0.7400000000000005,-0.2583915909688124,0.7400000000000005,-0.4255398071742936,0.7400000000000005,3.79750922194879,0.7400000000000005,4.300231268740553e-14,0.7400000000000005,-5.053856957417337e-15,0.7400000000000005,-1.481952018899275e-05,0.7400000000000005,-3.996023462443716e-14,0.7400000000000005,-1.575879448242905e-14,0.7400000000000005,0.0001111183209126212,0.7400000000000005,5.627728854064447e-05
0.7450000000000006,-0.2622517710891752,0.7450000000000006,-0.4255404272048753,0.7450000000000006,3.721707614172864,0.7450000000000006,4.379958804799603e-14,0.7450000000000006,-5.055960078015864e-15,0.7450000000000006,-1.509948655209636e-05,0.7450000000000006,-3.985714845957452e-14,0.7450000000000006,-1.60372002951761e-14,0.7450000000000006,0.0001138462332357664,0.7450000000000006,5.619589823876961e-05
0.7500000000000006,-0.266125684234447,0.7500000000000006,-0.4255410462382114,0.7500000000000006,3.64824782089841,0.7500000000000006,4.458324051780146e-14,0.7500000000000006,-5.058068725899189e-15,0.7500000000000006,-1.53790032216361e-05,0.7500000000000006,-3.975376293716219e-14,0.7500000000000006,-1.631084899703463e-14,0.7500000000000006,0.0001165775553152895,0.7500000000000006,5.610643936958417e-05
0.7550000000000006,-0.2700132910078841,0.7550000000000006,-0.4255416641880396,0.7550000000000006,3.577034889666154,0.7550000000000006,4.535309268112338e-14,0.7550000000000006,-5.060188634368705e-15,0.7550000000000006,-1.565803124372618e-05,0.7550000000000006,-3.965026764596563e-14,0.7550000000000006,-1.65796786405826e-14,0.7550000000000006,0.0001193115447813024,0.7550000000000006,5.600934865324322e-05
0.7600000000000006,-0.2739145567361517,0.7600000000000006,-0.4255422809728233,0.7600000000000006,3.507978416502842,0.7600000000000006,4.610901835060373e-14,0.7600000000000006,-5.062324573024144e-15,0.7600000000000006,-1.593653379804783e-05,0.7600000000000006,-3.954683493323024e-14,0.7600000000000006,-1.684364516664208e-14,0.7600000000000006,0.0001220474960392672,0.7600000000000006,5.59050414020996e-05
0.7650000000000006,-0.2778294512617759,0.7650000000000006,-0.4255428965155184,0.7650000000000006,3.440992307734542,0.7650000000000006,4.685093837291417e-14,0.7650000000000006,-5.064480450144512e-15,0.7650000000000006,-1.621447609278422e-05,0.7650000000000006,-3.944362091077634e-14,0.7650000000000006,-1.71027209396762e-14,0.7650000000000006,0.0001247847386854346,0.7650000000000006,5.579391252913127e-05
0.7700000000000006,-0.2817579487492879,0.7700000000000006,-0.4255435107433524,0.7700000000000006,3.375994554175076,0.7700000000000006,4.757881653979127e-14,0.7700000000000006,-5.066659407493917e-15,0.7700000000000006,-1.649182526454342e-05,0.7700000000000006,-3.934076645448194e-14,0.7700000000000006,-1.735689331997175e-14,0.7700000000000006,0.0001275226359632572,0.7700000000000006,5.567633751823192e-05
0.7750000000000006,-0.2857000275037537,0.7750000000000006,-0.4255441235876152,0.7750000000000006,3.312907017187293,0.7750000000000006,4.829265563794548e-14,0.7750000000000006,-5.068863907684787e-15,0.7750000000000006,-1.676855028307489e-05,0.7750000000000006,-3.923839818810414e-14,0.7750000000000006,-1.760616328431459e-14,0.7750000000000006,0.0001302605832642963,0.7750000000000006,5.555267335603608e-05
0.7800000000000006,-0.289655669800532,0.7800000000000006,-0.4255447349834519,0.7800000000000006,3.25165522610734,0.7800000000000006,4.899249366378074e-14,0.7800000000000006,-5.071095814314422e-15,0.7800000000000006,-1.704462186058477e-05,0.7800000000000006,-3.913662944396049e-14,0.7800000000000006,-1.785054410421516e-14,0.7800000000000006,0.0001329980066762246,0.7800000000000006,5.542325942533116e-05
0.7850000000000006,-0.2936248617252272,0.7850000000000006,-0.4255453448696808,0.7850000000000006,3.192168186520695,0.7850000000000006,4.967840022211505e-14,0.7850000000000006,-5.07335646515547e-15,0.7850000000000006,-1.732001236545687e-05,0.7850000000000006,-3.903556119443798e-14,0.7850000000000006,-1.809006008838477e-14,0.7850000000000006,0.0001357343615797448,0.7850000000000006,5.52884183604181e-05
0.7900000000000006,-0.2976075930229435,0.7900000000000006,-0.4255459531886024,0.7900000000000006,3.134378198882547,0.7900000000000006,5.035047312220031e-14,0.7900000000000006,-5.075646738728867e-15,0.7900000000000006,-1.759469574018775e-05,0.7900000000000006,-3.893528294960442e-14,0.7900000000000006,-1.832474539410661e-14,0.7900000000000006,0.0001384691312955641,0.7900000000000006,5.514845686502772e-05
0.7950000000000006,-0.3016038569560163,0.7950000000000006,-0.4255465598858338,0.7950000000000006,3.078220686982417,0.7950000000000006,5.10088351792703e-14,0.7950000000000006,-5.077967114621176e-15,0.7950000000000006,-1.786864742334928e-05,0.7950000000000006,-3.883587361736361e-14,0.7950000000000006,-1.855464291037482e-14,0.7950000000000006,0.0001412018257820249,0.7950000000000006,5.500366649359348e-05
0.8000000000000006,-0.3056136501695251,0.8000000000000006,-0.4255471649101399,0.8000000000000006,3.02363403576386,0.8000000000000006,5.165363122555481e-14,0.8000000000000006,-5.080317727929407e-15,0.8000000000000006,-1.814184427539502e-05,0.8000000000000006,-3.873740232362096e-14,0.8000000000000006,-1.877980321417662e-14,0.8000000000000006,0.0001439319803835047,0.8000000000000006,5.485432439682871e-05
0.8050000000000006,-0.3096369725639386,0.8050000000000006,-0.4255477682132803,0.8050000000000006,2.970559438022965,0.8050000000000006,5.228502533112307e-14,0.8050000000000006,-5.082698418226985e-15,0.8050000000000006,-1.841426450813335e-05,0.8050000000000006,-3.863992919081432e-14,0.8050000000000006,-1.900028360004458e-14,0.8050000000000006,0.0001466591546293247,0.8050000000000006,5.470069403266844e-05
0.8100000000000006,-0.3136738271743423,0.8100000000000006,-0.4255483697498578,0.8100000000000006,2.918940749524392,0.8100000000000006,5.290319823200346e-14,0.8100000000000006,-5.08510877344688e-15,0.8100000000000006,-1.868588761769511e-05,0.8100000000000006,-3.854350607392533e-14,0.8100000000000006,-1.921614718198716e-14,0.8100000000000006,0.0001493829310825883,0.8100000000000006,5.454302584371606e-05
0.8150000000000006,-0.3177242200557365,0.8150000000000006,-0.4255489694771784,0.8150000000000006,2.868724352089868,0.8150000000000006,5.350834496069067e-14,0.8150000000000006,-5.087548169073167e-15,0.8150000000000006,-1.895669432082919e-05,0.8150000000000006,-3.844817725372666e-14,0.8150000000000006,-1.942746206609088e-14,0.8150000000000006,0.0001521029142381032,0.8150000000000006,5.438155790238728e-05
0.8200000000000006,-0.3217881601739692,0.8200000000000006,-0.4255495673551191,0.8200000000000006,2.819859024231125,0.8200000000000006,5.410067267233273e-14,0.8200000000000006,-5.09001580302233e-15,0.8200000000000006,-1.922666649436665e-05,0.8200000000000006,-3.835398008755059e-14,0.8200000000000006,-1.963430059145153e-14,0.8200000000000006,0.0001548187294683499,0.8200000000000006,5.421651652497898e-05
0.8250000000000006,-0.3258656593019021,0.8250000000000006,-0.4255501633459975,0.8250000000000006,2.772295818917011,0.8250000000000006,5.468039865852155e-14,0.8250000000000006,-5.092510726581558e-15,0.8250000000000006,-1.949578711769922e-05,0.8250000000000006,-3.8260945618298e-14,0.8250000000000006,-1.983673863661438e-14,0.8250000000000006,0.0001575300220162887,0.8250000000000006,5.404811685590379e-05
0.8300000000000006,-0.3299567319204544,0.8300000000000006,-0.4255507574144546,0.8300000000000006,2.725987948082452,0.8300000000000006,5.52477485396235e-14,0.8300000000000006,-5.095031871754315e-15,0.8300000000000006,-1.976404021812497e-05,0.8300000000000006,-3.816909914275132e-14,0.8300000000000006,-2.003485498835855e-14,0.8300000000000006,0.0001602364560336755,0.8300000000000006,5.387656342333407e-05
0.8350000000000006,-0.3340613951242147,0.8350000000000006,-0.4255513495273324,0.8350000000000006,2.680890673504937,0.8350000000000006,5.580295462592735e-14,0.8350000000000006,-5.097578075344282e-15,0.8350000000000006,-2.003141081891989e-05,0.8350000000000006,-3.807846074052302e-14,0.8350000000000006,-2.022873076943049e-14,0.8350000000000006,0.0001629377136634685,0.8350000000000006,5.370205066748782e-05
0.8400000000000006,-0.3381796685313248,0.8400000000000006,-0.4255519396535752,0.8400000000000006,2.636961203692176,0.8400000000000006,5.634625443749966e-14,0.8400000000000006,-5.100148100088577e-15,0.8400000000000006,-2.029788489000048e-05,0.8400000000000006,-3.798904576517414e-14,0.8400000000000006,-2.041844892169625e-14,0.8400000000000006,0.0001656334941648394,0.8400000000000006,5.35247634427708e-05
0.8450000000000006,-0.3423115741973925,0.8450000000000006,-0.4255525277641166,0.8450000000000006,2.594158596442197,0.8450000000000006,5.687788937247242e-14,0.8450000000000006,-5.102740653130099e-15,0.8450000000000006,-2.056344930104852e-05,0.8450000000000006,-3.790086529918158e-14,0.8450000000000006,-2.060409374112459e-14,0.8450000000000006,0.0001683235130792632,0.8450000000000006,5.334487749496364e-05
0.8500000000000006,-0.3464571365331997,0.8500000000000006,-0.4255531138317852,0.8500000000000006,2.552443666754348,0.8500000000000006,5.739810351350728e-14,0.8500000000000006,-5.10535440209785e-15,0.8500000000000006,-2.082809177697524e-05,0.8500000000000006,-3.781392657452926e-14,0.8500000000000006,-2.078575046101982e-14,0.8500000000000006,0.0001710075014361398,0.8500000000000006,5.316255991460982e-05
0.8550000000000006,-0.3506163822259955,0.8550000000000006,-0.4255536978312104,0.8550000000000006,2.511778899786666,0.8550000000000006,5.790714256233976e-14,0.8550000000000006,-5.10798798904312e-15,0.8550000000000006,-2.109180085560736e-05,0.8550000000000006,-3.772823336075542e-14,0.8550000000000006,-2.096350487997858e-14,0.8550000000000006,0.0001736852049963855,0.8550000000000006,5.297796956772863e-05
0.8600000000000007,-0.354789340164189,0.8600000000000007,-0.4255542797387317,0.8600000000000007,2.472128368571064,0.8600000000000007,5.840525289258296e-14,0.8600000000000007,-5.110640042459333e-15,0.8600000000000007,-2.135456584748382e-05,0.8600000000000007,-3.764378632230948e-14,0.8600000000000007,-2.113744303114161e-14,0.8600000000000007,0.0001763563835324507,0.8600000000000007,5.279125750493494e-05
0.8650000000000007,-0.3589760413652706,0.8650000000000007,-0.4255548595323175,0.8650000000000007,2.43345765621373,0.8650000000000007,5.889268071132634e-14,0.8650000000000007,-5.113309187593732e-15,0.8650000000000007,-2.161637679765698e-05,0.8650000000000007,-3.756058334706861e-14,0.8650000000000007,-2.130765088943537e-14,0.8650000000000007,0.0001790208101432247,0.8650000000000007,5.260256735001303e-05
0.8700000000000007,-0.3631765189068101,0.8700000000000007,-0.4255554371914808,0.8700000000000007,2.395733782323049,0.8700000000000007,5.936967132048621e-14,0.8700000000000007,-5.115994055240629e-15,0.8700000000000007,-2.187722444939709e-05,0.8700000000000007,-3.747861984783732e-14,0.8700000000000007,-2.147421411364592e-14,0.8700000000000007,0.0001816782706023205,0.8700000000000007,5.241203566894659e-05
0.8750000000000007,-0.3673908078603825,0.8750000000000007,-0.4255560126972059,0.8750000000000007,2.358925133421832,0.8750000000000007,5.983646846932545e-14,0.8750000000000007,-5.118693289188473e-15,0.8750000000000007,-2.213710020970418e-05,0.8750000000000007,-3.739788903860902e-14,0.8750000000000007,-2.163721782032786e-14,0.8750000000000007,0.0001843285627382613,0.8750000000000007,5.221979232036836e-05
0.8800000000000007,-0.3716189452282956,0.8800000000000007,-0.4255565860318729,0.8800000000000007,2.323001397114431,0.8800000000000007,6.029331379004829e-14,0.8800000000000007,-5.121405552476602e-15,0.8800000000000007,-2.239599611653608e-05,0.8800000000000007,-3.731838218731327e-14,0.8800000000000007,-2.17967463867223e-14,0.8800000000000007,0.0001869714958451295,0.8800000000000007,5.202596078835091e-05
0.8850000000000007,-0.3758609698829961,0.8850000000000007,-0.4255571571791911,0.8850000000000007,2.287933499792482,0.8850000000000007,6.074044630887705e-14,0.8850000000000007,-5.124129532602318e-15,0.8850000000000007,-2.265390480766589e-05,0.8850000000000007,-3.724008884670378e-14,0.8850000000000007,-2.195288328003213e-14,0.8850000000000007,0.0001896068901222757,0.8850000000000007,5.18306584984197e-05
0.8900000000000007,-0.380116922509044,0.8900000000000007,-0.4255577261241343,0.8900000000000007,2.25369354767543,0.8900000000000007,6.117810202552232e-14,0.8900000000000007,-5.12686394580488e-15,0.8900000000000007,-2.291081949108652e-05,0.8900000000000007,-3.716299706497094e-14,0.8900000000000007,-2.210571091057948e-14,0.8900000000000007,0.0001922345761417355,0.8900000000000007,5.163399711762797e-05
0.8950000000000007,-0.384386845547555,0.8950000000000007,-0.4255582928528733,0.8950000000000007,2.220254770993979,0.8950000000000007,6.160651355445584e-14,0.8950000000000007,-5.129607540540033e-15,0.8950000000000007,-2.316673391688404e-05,0.8950000000000007,-3.7087093577583e-14,0.8950000000000007,-2.225531050654388e-14,0.8950000000000007,0.0001948543943420415,0.8950000000000007,5.143608283949664e-05
0.9000000000000007,-0.3886707831430031,0.9000000000000007,-0.425558857352723,0.9000000000000007,2.187591471135716,0.9000000000000007,6.202590982188334e-14,0.9000000000000007,-5.132359100246726e-15,0.9000000000000007,-2.342164235050553e-05,0.9000000000000007,-3.701236398177961e-14,0.9000000000000007,-2.240176200815043e-14,0.9000000000000007,0.000197466194547169,0.9000000000000007,5.123701665458098e-05
0.9050000000000007,-0.3929687810923053,0.9050000000000007,-0.425559419612083,0.9050000000000007,2.155678970582929,0.9050000000000007,6.243651581278515e-14,0.9050000000000007,-5.135117445496978e-15,0.9050000000000007,-2.367553954735136e-05,0.9050000000000007,-3.693879289506079e-14,0.9050000000000007,-2.25451439793407e-14,0.9050000000000007,0.0002000698355094029,0.9050000000000007,5.1036894607393e-05
0.9100000000000007,-0.397280886796097,0.9100000000000007,-0.4255599796203837,0.9100000000000007,2.124493565482543,0.9100000000000007,6.283855236284337e-14,0.9100000000000007,-5.137881435609824e-15,0.9100000000000007,-2.392842072862441e-05,0.9100000000000007,-3.686636409893141e-14,0.9100000000000007,-2.268553353511764e-14,0.9100000000000007,0.0002026651844749591,0.9100000000000007,5.08358080403679e-05
0.9150000000000007,-0.4016071492121145,0.9150000000000007,-0.4255605373680357,0.9150000000000007,2.094012480697815,0.9150000000000007,6.323223599050166e-14,0.9150000000000007,-5.140649969801396e-15,0.9150000000000007,-2.418028155837283e-05,0.9150000000000007,-3.679506066908235e-14,0.9150000000000007,-2.282300628290437e-14,0.9150000000000007,0.0002052521167712395,0.9150000000000007,5.063384382553492e-05
0.9200000000000007,-0.405947618810614,0.9200000000000007,-0.4255610928463846,0.9200000000000007,2.064213827200108,0.9200000000000007,6.361777876481136e-14,0.9200000000000007,-5.143421987935085e-15,0.9200000000000007,-2.443111812166663e-05,0.9200000000000007,-3.672486509311076e-14,0.9200000000000007,-2.295763627639894e-14,0.9200000000000007,0.0002078305154146595,0.9200000000000007,5.043108458451474e-05
0.9250000000000007,-0.4103023475317537,0.9250000000000007,-0.4255616460476593,0.9250000000000007,2.035076561667752,0.9250000000000007,6.399538820509494e-14,0.9250000000000007,-5.14619647092842e-15,0.9250000000000007,-2.468092690384996e-05,0.9250000000000007,-3.665575937680616e-14,0.9250000000000007,-2.308949598053946e-14,0.9250000000000007,0.0002104002707380149,0.9250000000000007,5.022760889743735e-05
0.9300000000000007,-0.4146713887448657,0.9300000000000007,-0.4255621969649336,0.9300000000000007,2.00658044816683,0.9300000000000007,6.436526720881529e-14,0.9300000000000007,-5.148972440866735e-15,0.9300000000000007,-2.49297047708157e-05,0.9300000000000007,-3.658772513995762e-14,0.9300000000000007,-2.321865624631827e-14,0.9300000000000007,0.0002129612800364176,0.9300000000000007,5.002349150134489e-05
0.9350000000000007,-0.4190547972095546,0.9350000000000007,-0.4255627455920806,0.9350000000000007,1.978706021796184,0.9350000000000007,6.472761400436945e-14,0.9350000000000007,-5.151748960867769e-15,0.9350000000000007,-2.517744895025007e-05,0.9350000000000007,-3.652074370256639e-14,0.9350000000000007,-2.334518629429939e-14,0.9350000000000007,0.0002155134472308682,0.9350000000000007,4.981880347861189e-05
0.9400000000000007,-0.4234526290385603,0.9400000000000007,-0.4255632919237368,0.9400000000000007,1.951434554186067,0.9400000000000007,6.508262212583264e-14,0.9400000000000007,-5.154525134736111e-15,0.9400000000000007,-2.542415701379881e-05,0.9400000000000007,-3.645479616228459e-14,0.9400000000000007,-2.34691537058008e-14,0.9400000000000007,0.0002180566825485721,0.9400000000000007,4.96136124358925e-05
0.9450000000000007,-0.4278649416623209,0.9450000000000007,-0.4255638359552625,0.9450000000000007,1.924748020746432,0.9450000000000007,6.54304804069611e-14,0.9450000000000007,-5.157300106441638e-15,0.9450000000000007,-2.566982686010862e-05,0.9450000000000007,-3.638986346383732e-14,0.9450000000000007,-2.359062442080156e-14,0.9450000000000007,0.0002205909022191571,0.9450000000000007,4.940798267407714e-05
0.9500000000000007,-0.432291793795183,0.9500000000000007,-0.4255643776827058,0.9500000000000007,1.898629069567004,0.9500000000000007,6.57713729920259e-14,0.9500000000000007,-5.160073059451872e-15,0.9500000000000007,-2.591445669869921e-05,0.9500000000000007,-3.632592646112719e-14,0.9500000000000007,-2.370966274172612e-14,0.9500000000000007,0.0002231160281859847,0.9500000000000007,4.920197534971256e-05
0.9550000000000007,-0.4367332454031939,0.9550000000000007,-0.4255649171027693,0.9550000000000007,1.873060991877273,0.9550000000000007,6.610547936128573e-14,0.9550000000000007,-5.162843215944485e-15,0.9550000000000007,-2.615804503462487e-05,0.9550000000000007,-3.626296597266667e-14,0.9550000000000007,-2.382633134234042e-14,0.9550000000000007,0.0002256319878317864,0.9550000000000007,4.899564862832342e-05
0.9600000000000007,-0.4411893576734319,0.9600000000000007,-0.4255654542127779,0.9600000000000007,1.848027693979855,0.9600000000000007,6.643297436913203e-14,0.9600000000000007,-5.165609835922747e-15,0.9600000000000007,-2.640059065388552e-05,0.9600000000000007,-3.620096283093053e-14,0.9600000000000007,-2.39406912810728e-14,0.9600000000000007,0.0002281387137179012,0.9600000000000007,4.878905783004398e-05
0.9650000000000007,-0.4456601929848116,0.9650000000000007,-0.4255659890106485,0.9650000000000007,1.823513670575974,0.9650000000000007,6.67540282931357e-14,0.9650000000000007,-5.168372216253869e-15,0.9650000000000007,-2.664209260954944e-05,0.9650000000000007,-3.613989792617511e-14,0.9650000000000007,-2.405280201814184e-14,0.9650000000000007,0.0002306361433364122,0.9650000000000007,4.858225556795255e-05
0.9700000000000008,-0.4501458148803248,0.9700000000000008,-0.4255665214948595,0.9700000000000008,1.799503979406488,0.9700000000000008,6.706880689241267e-14,0.9700000000000008,-5.171129689647435e-15,0.9700000000000008,-2.688255020855266e-05,0.9700000000000008,-3.607975224522454e-14,0.9700000000000008,-2.416272143593796e-14,0.9700000000000008,0.000233124218874535,0.9700000000000008,4.837529187947828e-05
0.9750000000000008,-0.4546462880406542,0.9750000000000008,-0.4255670516644233,0.9750000000000008,1.775984217136598,0.9750000000000008,6.737747147388929e-14,0.9750000000000008,-5.173881623588904e-15,0.9750000000000008,-2.712196299914003e-05,0.9750000000000008,-3.602050690568436e-14,0.9750000000000008,-2.427050586216373e-14,0.9750000000000008,0.0002356028869906205,0.9750000000000008,4.81682143512325e-05
0.9800000000000008,-0.4591616782591252,0.9800000000000008,-0.4255675795188607,0.9800000000000008,1.752940496416469,0.9800000000000008,6.768017896520291e-14,0.9800000000000008,-5.176627419241047e-15,0.9800000000000008,-2.73603307589168e-05,0.9800000000000008,-3.596214318600403e-14,0.9800000000000008,-2.437621009529089e-14,0.9800000000000008,0.0002380720986011877,0.9800000000000008,4.796106823759869e-05
0.9850000000000008,-0.4636920524179411,0.9850000000000008,-0.4255681050581751,0.9850000000000008,1.730359424054077,0.9850000000000008,6.7977081993109e-14,0.9850000000000008,-5.179366510324353e-15,0.9850000000000008,-2.759765348347954e-05,0.9850000000000008,-3.590464255177456e-14,0.9850000000000008,-2.447988743194029e-14,0.9850000000000008,0.0002405318086784193,0.9850000000000008,4.775389657339742e-05
0.9900000000000008,-0.4682374784656599,0.9900000000000008,-0.4255686282828286,0.9900000000000008,1.708228080240328,0.9900000000000008,6.826832896639272e-14,0.9900000000000008,-5.182098361985948e-15,0.9900000000000008,-2.783393137559763e-05,0.9900000000000008,-3.584798667861436e-14,0.9900000000000008,-2.458158969583463e-14,0.9900000000000008,0.0002429819760575821,0.9900000000000008,4.754674028092678e-05
0.9950000000000008,-0.4727980253958691,0.9950000000000008,-0.425569149193719,0.9950000000000008,1.686533998769985,0.9950000000000008,6.855406416239495e-14,0.9950000000000008,-5.184822469664993e-15,0.9950000000000008,-2.806916483491778e-05,0.9950000000000008,-3.579215747196723e-14,0.9950000000000008,-2.468136726801339e-14,0.9950000000000008,0.0002454225632538704,0.9950000000000008,4.733963827166414e-05
1,-0.4773737632270146,1,-0.4255696677921583,1,1.66526514820525,1,6.883442781636397e-14,1,-5.187538357961502e-15,1,-2.830335444816543e-05,1,-3.573713708410798e-14,1,-2.477926911803427e-14,1,0.000247853536288186,1,4.713262754289909e-05
