vdsat X,vdsat Y,vth X,vth Y,gmoverid X,gmoverid Y,cdd X,cdd Y,csb X,csb Y,cgd X,cgd Y,cgs X,cgs Y,gds X,gds Y,id X,id Y,gm X,gm Y
0,-0.03762345815008086,0,-0.5596368116132767,0,24.17438145766805,0,1.113358081783658e-15,0,-1.171110293606863e-18,0,-1.11265451930128e-15,0,-1.132725377122065e-15,0,3.231101001011255e-10,0,-7.789305454457456e-11,0,1.87760871904679e-09
0.005,-0.03762349042910128,0.005,-0.5596368116132767,0.005,24.17250259513261,0.005,1.114009270867669e-15,0.005,-1.207005513040929e-18,0.005,-1.113283001628792e-15,0.005,-1.133413317950055e-15,0.005,3.646121499051491e-10,0.005,-8.787083371152781e-11,0.005,2.118670003502255e-09
0.01,-0.03762352685201742,0.01,-0.5596368116132767,0.01,24.17051164643775,0.01,1.114659244236173e-15,0.01,-1.243683905425641e-18,0.01,-1.113909799123512e-15,0.01,-1.134091493968429e-15,0.01,4.114403340358829e-10,0.01,-9.91296998781826e-11,0.01,2.390646293082921e-09
0.015,-0.03762356795019666,0.015,-0.5596368116132767,0.015,24.16840170818192,0.015,1.11530754784332e-15,0.015,-1.281165949143081e-18,0.015,-1.114534454299029e-15,0.015,-1.134759524239518e-15,0.015,4.642772723258243e-10,0.015,-1.118339242912788e-10,0.015,2.697495566690624e-09
0.02,-0.03762361432302152,0.02,-0.5596368116132767,0.02,24.16616544461229,0.02,1.115953722470129e-15,0.02,-1.319474436235615e-18,0.02,-1.115156503983183e-15,0.02,-1.135417059570378e-15,0.02,5.238928938893258e-10,0.02,-1.261688063836992e-10,0.02,3.043681207001399e-09
0.025,-0.03762366664657134,0.025,-0.5596368116132767,0.025,24.16379506091979,0.025,1.116597305576454e-15,0.025,-1.358634715252412e-18,0.025,-1.11577548106458e-15,0.025,-1.136063784325379e-15,0.025,5.911555691217053e-10,0.025,-1.423433582870533e-10,0.025,3.434236274104e-09
0.03,-0.03762372568340738,0.03,-0.5596368116132767,0.03,24.16128227500481,0.03,1.117237833252754e-15,0.03,-1.398674955146913e-18,0.03,-1.116390916326944e-15,0.03,-1.136699418227056e-15,0.03,6.670446540932893e-10,0.03,-1.605933306172282e-10,0.03,3.874835900958628e-09
0.035,-0.03762379229360061,0.035,-0.5596368116132767,0.035,24.15861828765797,0.035,1.117874842256729e-15,0.035,-1.439626432446856e-18,0.035,-1.117002340355042e-15,0.035,-1.13732371817388e-15,0.035,7.526646251653956e-10,0.035,-1.811846226324249e-10,0.035,4.371878826646888e-09
0.04,-0.03762386744715856,0.04,-0.5596368116132767,0.04,24.15579375108643,0.04,1.118507872117993e-15,0.04,-1.481523844131345e-18,0.04,-1.117609285493851e-15,0.04,-1.137936480108341e-15,0.04,8.492610037738257e-10,0.04,-2.044171252498501e-10,0.04,4.932579208426899e-09
0.045,-0.03762395223802766,0.045,-0.5596368116132767,0.045,24.1527987357228,0.045,1.119136467292243e-15,0.045,-1.524405648876034e-18,0.045,-1.118211287840815e-15,0.045,-1.138537540973366e-15,0.045,9.582382961407831e-10,0.045,-2.306290514556284e-10,0.045,5.565069993630276e-09
0.05,-0.03762404789986897,0.05,-0.5596368116132767,0.05,24.14962269525643,0.05,1.119760179345024e-15,0.05,-1.568314439569277e-18,0.05,-1.118807889249475e-15,0.05,-1.139126780799589e-15,0.05,1.081180200507522e-09,0.05,-2.602018154320012e-10,0.05,6.278519289158476e-09
0.05499999999999999,-0.03762415582382985,0.05499999999999999,-0.5596368116132767,0.05499999999999999,24.14625442983161,0.05499999999999999,1.120378569144061e-15,0.05499999999999999,-1.613297350261978e-18,0.05499999999999999,-1.119398639321479e-15,0.05499999999999999,-1.139704124970407e-15,0.05499999999999999,1.219872365681335e-09,0.05499999999999999,-2.935655293445395e-10,0.05499999999999999,7.083261341649419e-09
0.05999999999999999,-0.03762427757856165,0.05999999999999999,-0.5596368116132767,0.05999999999999999,24.14268204735624,0.05999999999999999,1.120991209038442e-15,0.05999999999999999,-1.659406500993104e-18,0.05999999999999999,-1.119983097363093e-15,0.05999999999999999,-1.140269546715989e-15,0.05999999999999999,1.376328019655307e-09,0.05999999999999999,-3.312051952781021e-10,0.05999999999999999,7.990943937383401e-09
0.06499999999999999,-0.03762441493276455,0.06499999999999999,-0.5596368116132767,0.06499999999999999,24.13889292287631,0.06499999999999999,1.121597685002638e-15,0.06499999999999999,-1.706699484234481e-18,0.06499999999999999,-1.120560834281818e-15,0.06499999999999999,-1.140823069891597e-15,0.06499999999999999,1.552816826222628e-09,0.06499999999999999,-3.736676793922656e-10,0.06499999999999999,9.014694249980979e-09
0.06999999999999999,-0.03762456988057481,0.06999999999999999,-0.5596368116132767,0.06999999999999999,24.13487365597527,0.06999999999999999,1.12219759872345e-15,0.06999999999999999,-1.755239897026815e-18,0.06999999999999999,-1.121131434398599e-15,0.06999999999999999,-1.141364772099731e-15,0.06999999999999999,1.751897371353138e-09,0.06999999999999999,-4.215695661059612e-10,0.06999999999999999,1.016930540844903e-08
0.075,-0.03762474467014874,0.075,-0.5596368116132767,0.075,24.13061002616859,0.075,1.122790569608577e-15,0.075,-1.805097923235357e-18,0.075,-1.121694497151473e-15,0.075,-1.141894788219719e-15,0.075,1.976453730162632e-09,0.075,-4.756060021503554e-10,0.075,1.147144633093569e-08
0.08,-0.03762494183584087,0.08,-0.5596368116132767,0.08,24.12608694627431,0.08,1.123376236696466e-15,0.08,-1.856350970744414e-18,0.08,-1.122249638667195e-15,0.08,-1.142413314412625e-15,0.08,2.229736620175702e-09,0.08,-5.365606537942381e-10,0.08,1.293989767370155e-08
0.08500000000000001,-0.03762516423442195,0.08500000000000001,-0.5596368116132767,0.08500000000000001,24.12128841375298,0.08500000000000001,1.123954260448612e-15,0.08500000000000001,-1.90908436883859e-18,0.08500000000000001,-1.122796493178574e-15,0.08500000000000001,-1.142920612673713e-15,0.08500000000000001,2.515409707913354e-09,0.08500000000000001,-6.053169156012096e-10,0.08500000000000001,1.459581708363437e-08
0.09000000000000001,-0.03762541508583692,0.09000000000000001,-0.5596368116132767,0.09000000000000001,24.11619746002965,0.09000000000000001,1.124524324407271e-15,0.09000000000000001,-1.963392131490441e-18,0.09000000000000001,-1.123334714266743e-15,0.09000000000000001,-1.143417016009341e-15,0.09000000000000001,2.837601704344295e-09,0.09000000000000001,-6.828705258623837e-10,0.09000000000000001,1.646303731974733e-08
0.09500000000000001,-0.0376256980190629,0.09500000000000001,-0.5596368116132767,0.09500000000000001,24.11079609782719,0.09500000000000001,1.125086136703804e-15,0.09500000000000001,-2.019377792795988e-18,0.09500000000000001,-1.123863975909458e-15,0.09500000000000001,-1.143902934320117e-15,0.09500000000000001,3.200964961215828e-09,0.09500000000000001,-7.703437624018027e-10,0.09500000000000001,1.856840122845508e-08
0.1,-0.03762601712369486,0.1,-0.5596368116132767,0.1,24.10506526656504,0.1,1.125639431405383e-15,0.1,-2.077155321376401e-18,0.1,-1.124383973318642e-15,0.1,-1.14437886107762e-15,0.1,3.610741365592703e-09,0.1,-8.690014125992468e-10,0.1,2.094213802328242e-08
0.105,-0.03762637700796161,0.105,-0.5596368116132767,0.105,24.09898477590444,0.105,1.126183969690597e-15,0.105,-2.136850121205222e-18,0.105,-1.124894423552743e-15,0.105,-1.144845380887974e-15,0.105,4.072836425032628e-09,0.105,-9.802687353671141e-10,0.105,2.361828583664507e-08
0.11,-0.03762678286395847,0.11,-0.5596368116132767,0.11,24.09253324755148,0.11,1.126719540847453e-15,0.11,-2.198600127032075e-18,0.11,-1.125395065891973e-15,0.11,-1.145303178042275e-15,0.11,4.593902541756282e-09,0.11,-1.105751670986592e-09,0.11,2.663516608442049e-08
0.115,-0.03762724054097558,0.115,-0.5596368116132767,0.115,24.08568805546619,0.115,1.12724596309041e-15,0.115,-2.262557003366679e-18,0.115,-1.125885661967044e-15,0.115,-1.14575304616145e-15,0.115,5.181432592062672e-09,0.115,-1.247259578606904e-09,0.115,3.003591581851664e-08
0.12,-0.03762775662790486,0.12,-0.5596368116132767,0.12,24.07842526466981,0.12,1.127763084196197e-15,0.12,-2.328887456868664e-18,0.12,-1.126365995634573e-15,0.12,-1.1461958990516e-15,0.12,5.843865058336227e-09,0.12,-1.406830780715666e-09,0.12,3.386908494424304e-08
0.125,-0.03762833854582274,0.125,-0.5596368116132767,0.125,24.07071956888676,0.125,1.128270781961323e-15,0.125,-2.397774672971216e-18,0.125,-1.126835872594785e-15,0.125,-1.146632782895529e-15,0.125,6.590702106636192e-09,0.125,-1.586761262874985e-09,0.125,3.818930595403168e-08
0.13,-0.03762899465197332,0.13,-0.5596368116132767,0.13,24.06254422731665,0.13,1.128768964487221e-15,0.13,-2.469419888659681e-18,0.13,-1.12729511974945e-15,0.13,-1.147064889917015e-15,0.13,7.432642164506929e-09,0.13,-1.789636924651679e-09,0.13,4.305804468332379e-08
0.135,-0.03762973435651738,0.135,-0.5596368116132767,0.135,24.05387100089087,0.135,1.129257570301857e-15,0.135,-2.544044114540539e-18,0.135,-1.127743584300044e-15,0.135,-1.147493573666625e-15,0.135,8.381728732880427e-09,0.135,-2.01836980842587e-09,0.135,4.854444153495642e-08
0.14,-0.03763056825356835,0.14,-0.5596368116132767,0.14,24.0446700884416,0.14,1.129736568329329e-15,0.14,-2.621890020683572e-18,0.14,-1.12818113258791e-15,0.14,-1.147920366091683e-15,0.14,9.451517364456091e-09,0.14,-2.276238782498549e-09,0.14,5.472625365214122e-08
0.145,-0.03763150826820801,0.145,-0.5596368116132767,0.145,24.0349100632889,0.145,1.130205957721415e-15,0.145,-2.703224002209198e-18,0.145,-1.128607648679618e-15,0.145,-1.148346996568385e-15,0.145,1.065726296056848e-08,0.145,-2.566935211336328e-09,0.145,6.169090965439535e-08
0.15,-0.03763256782136417,0.15,-0.5596368116132767,0.15,24.02455781084034,0.15,1.130665767567185e-15,0.15,-2.788338442233369e-18,0.15,-1.129023032701774e-15,0.15,-1.148775413091278e-15,0.15,1.201612978125053e-08,0.15,-2.894614207236191e-09,0.15,6.953668979301729e-08
0.1550000000000001,-0.03763376201464035,0.1550000000000001,-0.5596368116132767,0.1550000000000001,24.01357846789932,0.1550000000000001,1.131116056498671e-15,0.1550000000000001,-2.877554191579844e-18,0.1550000000000001,-1.129427198930153e-15,0.1550000000000001,-1.149207805834307e-15,0.1550000000000001,1.354742683105919e-08,0.1550000000000001,-3.263952125377014e-09,0.1550000000000001,7.837404574047793e-08
0.1600000000000001,-0.03763510783741567,0.1600000000000001,-0.5596368116132767,0.1600000000000001,24.0019353644852,0.1600000000000001,1.131556912212092e-15,0.1600000000000001,-2.971223286626461e-18,0.1600000000000001,-1.129820073638244e-15,0.1600000000000001,-1.149646633318577e-15,0.1600000000000001,1.527287157849243e-08,0.1600000000000001,-3.680211038948147e-09,0.1600000000000001,8.832707570909361e-08
0.1650000000000001,-0.03763662439878315,0.1650000000000001,-0.5596368116132767,0.1650000000000001,23.98958996909149,0.1650000000000001,1.131988450925423e-15,0.1650000000000001,-3.069731928764962e-18,0.1650000000000001,-1.130201592710075e-15,0.1650000000000001,-1.150094651444718e-15,0.1650000000000001,1.721688529185226e-08,0.1650000000000001,-4.149311013480854e-09,0.1650000000000001,9.953517220611698e-08
0.1700000000000001,-0.03763833318716615,0.1700000000000001,-0.5596368116132767,0.1700000000000001,23.9765018384426,0.1700000000000001,1.132410816793978e-15,0.1700000000000001,-3.173503751211372e-18,0.1700000000000001,-1.130571699021533e-15,0.1700000000000001,-1.150554945672322e-15,0.1700000000000001,1.940692363171593e-08,0.1700000000000001,-4.677911090338475e-09,0.1700000000000001,1.121548614823996e-07
0.1750000000000001,-0.03764025836075043,0.1750000000000001,-0.5596368116132767,0.1750000000000001,23.96262857295141,0.1750000000000001,1.132824181306356e-15,0.1750000000000001,-3.28300340128436e-18,0.1750000000000001,-1.130930339593367e-15,0.1750000000000001,-1.15103096665502e-15,0.1750000000000001,2.187384653242176e-08,0.1750000000000001,-5.273499989256061e-09,0.1750000000000001,1.263618556272013e-07
0.1800000000000001,-0.03764242707218884,0.1800000000000001,-0.5596368116132767,0.1800000000000001,23.94792577923956,0.1800000000000001,1.133228742683526e-15,0.1800000000000001,-3.398740468734535e-18,0.1800000000000001,-1.131277462517697e-15,0.1800000000000001,-1.151526569667116e-15,0.1800000000000001,2.465233183494586e-08,0.1800000000000001,-5.944497649601215e-09,0.1800000000000001,1.423533403092818e-07
0.1850000000000001,-0.03764486983138433,0.1850000000000001,-0.5596368116132767,0.1850000000000001,23.93234704124852,0.1850000000000001,1.13362472530396e-15,0.1850000000000001,-3.52127379320267e-18,0.1850000000000001,-1.131613013658151e-15,0.1850000000000001,-1.152046058185699e-15,0.1850000000000001,2.778133760418954e-08,0.1850000000000001,-6.700368850431345e-09,0.1850000000000001,1.603505233703018e-07
0.1900000000000001,-0.03764762091052867,0.1900000000000001,-0.5596368116132767,0.1900000000000001,23.91584390164707,0.1900000000000001,1.134012379177791e-15,0.1900000000000001,-3.651216186326184e-18,0.1900000000000001,-1.131936933121868e-15,0.1900000000000001,-1.152594232020026e-15,0.1900000000000001,3.130461857810938e-08,0.1900000000000001,-7.55175028125241e-09,0.1900000000000001,1.806014718463199e-07
0.1950000000000001,-0.0376507183488542,0.1950000000000001,-0.5596368116132767,0.1950000000000001,23.89060302573477,0.1950000000000001,1.134391971409773e-15,0.1950000000000001,-3.78922023886384e-18,0.1950000000000001,-1.132249152852307e-15,0.1950000000000001,-1.153035542624875e-15,0.1950000000000001,3.527073033046637e-08,0.1950000000000001,-8.510454187012585e-09,0.1950000000000001,2.033148965914654e-07
0.2000000000000001,-0.03765420427012125,0.2000000000000001,-0.5596368116132767,0.2000000000000001,23.8628599524931,0.2000000000000001,1.134763785806923e-15,0.2000000000000001,-3.935981612571452e-18,0.2000000000000001,-1.132549593591464e-15,0.2000000000000001,-1.153490478238586e-15,0.2000000000000001,3.973343470220872e-08,0.2000000000000001,-9.589569259385746e-09,0.2000000000000001,2.288295869934284e-07
0.2050000000000001,-0.0376581265840803,0.2050000000000001,-0.5596368116132767,0.2050000000000001,23.83407057349667,0.2050000000000001,1.135128143678367e-15,0.2050000000000001,-4.092295461161743e-18,0.2050000000000001,-1.1328381573063e-15,0.2050000000000001,-1.153992935978634e-15,0.2050000000000001,4.475387761857593e-08,0.2050000000000001,-1.080399074172933e-08,0.2050000000000001,2.574981425909201e-07
0.2100000000000001,-0.03766253898268387,0.2100000000000001,-0.5596368116132767,0.2100000000000001,23.80418107284348,0.2100000000000001,1.135485390698535e-15,0.2100000000000001,-4.259033241361375e-18,0.2100000000000001,-1.133114724435634e-15,0.2100000000000001,-1.154550115395924e-15,0.2100000000000001,5.040058428705863e-08,0.2100000000000001,-1.217042369026631e-08,0.2100000000000001,2.897020613972988e-07
0.2150000000000001,-0.03766750159197502,0.2150000000000001,-0.5596368116132767,0.2150000000000001,23.77313595196981,0.2150000000000001,1.135835896609175e-15,0.2150000000000001,-4.437149076078708e-18,0.2150000000000001,-1.133379149316566e-15,0.2150000000000001,-1.155170005916949e-15,0.2150000000000001,5.675029588246426e-08,0.2150000000000001,-1.37075902982688e-08,0.2150000000000001,3.258675286034961e-07
0.2200000000000001,-0.03767308171081157,0.2200000000000001,-0.5596368116132767,0.2200000000000001,23.74087812832495,0.2200000000000001,1.136180055386716e-15,0.2200000000000001,-4.627687410590291e-18,0.2200000000000001,-1.133631255314105e-15,0.2200000000000001,-1.155861466361434e-15,0.2200000000000001,6.388891988924914e-08,0.2200000000000001,-1.543646555746902e-08,0.2200000000000001,3.664703985188335e-07
0.2250000000000001,-0.03767935462822453,0.2250000000000001,-0.5596368116132767,0.2250000000000001,23.7073490603205,0.2250000000000001,1.136518285602256e-15,0.2250000000000001,-4.83179130545083e-18,0.2250000000000001,-1.133870829689078e-15,0.2250000000000001,-1.156634311415486e-15,0.2250000000000001,7.191258461788541e-08,0.2250000000000001,-1.738053908683874e-08,0.2250000000000001,4.120416895101663e-07
0.2300000000000001,-0.0376864045265751,0.2300000000000001,-0.5596368116132767,0.2300000000000001,23.67248890127337,0.2300000000000001,1.136851030993738e-15,0.2300000000000001,-5.050711387735394e-18,0.2300000000000001,-1.134097618198863e-15,0.2300000000000001,-1.157499405331147e-15,0.2300000000000001,8.092880842385841e-08,0.2300000000000001,-1.956610580611524e-08,0.2300000000000001,4.631736380380999e-07
0.2350000000000001,-0.03769432547808472,0.2350000000000001,-0.5596368116132767,0.2350000000000001,23.6362366850665,0.2350000000000001,1.137178761269549e-15,0.2350000000000001,-5.285815471133452e-18,0.2350000000000001,-1.134311319429354e-15,0.2350000000000001,-1.158468763017032e-15,0.2350000000000001,9.10577951026227e-08,0.2350000000000001,-2.202258836948588e-08,0.2350000000000001,5.205263610735813e-07
0.2400000000000001,-0.03770322254269014,0.2400000000000001,-0.5596368116132767,0.2400000000000001,23.59853054618893,0.2400000000000001,1.137501973162397e-15,0.2400000000000001,-5.538598839794764e-18,0.2400000000000001,-1.134511578862718e-15,0.2400000000000001,-1.159555658533289e-15,0.2400000000000001,1.024338679528826e-07,0.2400000000000001,-2.47828945289917e-08,0.2400000000000001,5.848351794753708e-07
0.2450000000000001,-0.0377132129755092,0.2450000000000001,-0.5596368116132767,0.2450000000000001,23.55930797665996,0.2450000000000001,1.137821191751957e-15,0.2450000000000001,-5.810695169579657e-18,0.2450000000000001,-1.134697982694394e-15,0.2450000000000001,-1.160774740796111e-15,0.2450000000000001,1.152070561006562e-07,0.2450000000000001,-2.788381286801879e-08,0.2450000000000001,6.569186583190845e-07
0.2500000000000001,-0.03772442755246729,0.2500000000000001,-0.5596368116132767,0.2500000000000001,23.51850612207188,0.2500000000000001,1.13813697207421e-15,0.2500000000000001,-6.103888032246352e-18,0.2500000000000001,-1.134870051425021e-15,0.2500000000000001,-1.162142156019977e-15,0.2500000000000001,1.295448478657984e-07,0.2500000000000001,-3.136645063326456e-08,0.2500000000000001,7.376874236953264e-07
0.2550000000000001,-0.03773701202281246,0.2550000000000001,-0.5596368116132767,0.2550000000000001,23.47606211857455,0.2550000000000001,1.138449901034673e-15,0.2550000000000001,-6.420122891755698e-18,0.2550000000000001,-1.135027233269302e-15,0.2550000000000001,-1.16367567606558e-15,0.2550000000000001,1.45634127240694e-07,0.2550000000000001,-3.527671769936316e-08,0.2550000000000001,8.281538191454642e-07
0.2600000000000001,-0.03775112869730711,0.2600000000000001,-0.5596368116132767,0.2600000000000001,23.43191347204002,0.2600000000000001,1.138760599641621e-15,0.2600000000000001,-6.761519455861103e-18,0.2600000000000001,-1.135168897444835e-15,0.2600000000000001,-1.165394831403339e-15,0.2600000000000001,1.636833109494077e-07,0.2600000000000001,-3.966586102454411e-08,0.2600000000000001,9.294424686912551e-07
0.2650000000000001,-0.03776695818079623,0.2650000000000001,-0.5596368116132767,0.2650000000000001,23.38599847985606,0.2650000000000001,1.139069725573892e-15,0.2650000000000001,-7.130384189088653e-18,0.2650000000000001,-1.135294327430385e-15,0.2650000000000001,-1.167321046831992e-15,0.2650000000000001,1.839247050788434e-07,0.2650000000000001,-4.459105429897327e-08,0.2650000000000001,1.04280181735675e-06
0.2700000000000001,-0.03778470125757963,0.2700000000000001,-0.5596368116132767,0.2700000000000001,23.33825669476408,0.2700000000000001,1.13937797609562e-15,0.2700000000000001,-7.529222723886218e-18,0.2700000000000001,-1.135402714315578e-15,0.2700000000000001,-1.169477777396097e-15,0.2700000000000001,2.066171019382875e-07,0.2700000000000001,-5.011604785053899e-08,0.2700000000000001,1.169616724199829e-06
0.2750000000000001,-0.03780458093751494,0.2750000000000001,-0.5596368116132767,0.2750000000000001,23.28862942884144,0.2750000000000001,1.139686091327254e-15,0.2750000000000001,-7.960751824322895e-18,0.2750000000000001,-1.135493150402882e-15,0.2750000000000001,-1.171890641116264e-15,0.2750000000000001,2.320486396303327e-07,0.2750000000000001,-5.631188425672181e-08,0.2750000000000001,1.311422187193101e-06
0.2800000000000001,-0.03782684467000352,0.2800000000000001,-0.5596368116132767,0.2800000000000001,23.23706029409116,0.2800000000000001,1.13999485787811e-15,0.2800000000000001,-8.427910461141102e-18,0.2800000000000001,-1.135564623268237e-15,0.2800000000000001,-1.174587544179412e-15,0.2800000000000001,2.605399488280317e-07,0.2800000000000001,-6.325768551678305e-08,0.2800000000000001,1.469918283844655e-06
0.2850000000000001,-0.0378517667319079,0.2850000000000001,-0.5596368116132767,0.2850000000000001,23.18349577410064,0.2850000000000001,1.140305112840287e-15,0.2850000000000001,-8.933869449195396e-18,0.2850000000000001,-1.13561601053825e-15,0.2850000000000001,-1.17759879314181e-15,0.2850000000000001,2.924476134776239e-07,0.2850000000000001,-7.104151806698947e-08,0.2850000000000001,1.646986416249269e-06
0.2900000000000001,-0.03787965079396112,0.2900000000000001,-0.5596368116132767,0.2900000000000001,23.12788581883433,0.2900000000000001,1.140617748136871e-15,0.2900000000000001,-9.482038980929852e-18,0.2900000000000001,-1.135646075698379e-15,0.2900000000000001,-1.180957187499371e-15,0.2900000000000001,3.281679746138034e-07,0.2900000000000001,-7.976134237405828e-08,0.2900000000000001,1.844706954313057e-06
0.2950000000000002,-0.03791083266828892,0.2950000000000002,-0.5596368116132767,0.2950000000000002,23.07018445179703,0.2950000000000002,1.140933715208633e-15,0.2950000000000002,-1.007607326728115e-17,0.2950000000000002,-1.135653465305785e-15,0.2950000000000002,-1.184698084723531e-15,0.2950000000000002,3.681413092191893e-07,0.2950000000000002,-8.952605431960546e-08,0.2950000000000002,2.065378376173529e-06
0.3000000000000002,-0.03794568323721288,0.3000000000000002,-0.5596368116132767,0.3000000000000002,23.01035037553507,0.3000000000000002,1.141254030012779e-15,0.3000000000000002,-1.071987137772521e-17,0.3000000000000002,-1.135636708039008e-15,0.3000000000000002,-1.188859428620121e-15,0.3000000000000002,4.128564191166946e-07,0.3000000000000002,-1.004566260918471e-07,0.3000000000000002,2.311538010262961e-06
0.3050000000000002,-0.03798461156046262,0.3050000000000002,-0.5596368116132767,0.3050000000000002,22.94834755772191,0.3050000000000002,1.141579778294698e-15,0.3050000000000002,-1.141757326488368e-17,0.3050000000000002,-1.135594216069185e-15,0.3050000000000002,-1.193481730749797e-15,0.3050000000000002,4.628556682889438e-07,0.3050000000000002,-1.126873548304235e-07,0.3050000000000002,2.585984488877471e-06
0.3100000000000002,-0.03802806815423245,0.3100000000000002,-0.5596368116132767,0.3100000000000002,22.88414577593637,0.3100000000000002,1.141912121078983e-15,0.3100000000000002,-1.21735498805811e-17,0.3100000000000002,-1.135524289277425e-15,0.3100000000000002,-1.19860799379507e-15,0.3100000000000002,5.187405108053256e-07,0.3100000000000002,-1.263672278249875e-07,0.3100000000000002,2.891802028235801e-06
0.3150000000000002,-0.03807654843110361,0.3150000000000002,-0.5596368116132767,0.3150000000000002,22.81772109473335,0.3150000000000002,1.142252300309697e-15,0.3150000000000002,-1.299238625751029e-17,0.3150000000000002,-1.135425122861403e-15,0.3150000000000002,-1.204283565351568e-15,0.3150000000000002,5.811775557310928e-07,0.3150000000000002,-1.416614136454233e-07,0.3150000000000002,3.232386654390314e-06
0.3200000000000002,-0.0381305962846576,0.3200000000000002,-0.5596368116132767,0.3200000000000002,22.74905624383746,0.3200000000000002,1.142601644552326e-15,0.3200000000000002,-1.387885646468909e-17,0.3200000000000002,-1.135294818861274e-15,0.3200000000000002,-1.210555910871301e-15,0.3200000000000002,6.509052200076845e-07,0.3200000000000002,-1.587528891755812e-07,0.3200000000000002,3.611474497302842e-06
0.3250000000000002,-0.03819080779657903,0.3250000000000002,-0.5596368116132767,0.3250000000000002,22.67814086140411,0.3250000000000002,1.14296157465195e-15,0.3250000000000002,-1.483788946804591e-17,0.3250000000000002,-1.135131402079702e-15,0.3250000000000002,-1.217474295620777e-15,0.3250000000000002,7.287410253232682e-07,0.3250000000000002,-1.778442131234325e-07,0.3250000000000002,4.033172275924791e-06
0.3300000000000002,-0.03825783503715427,0.3300000000000002,-0.5596368116132767,0.3300000000000002,22.60497156151717,0.3300000000000002,1.143333609225165e-15,0.3300000000000002,-1.587452516089869e-17,0.3300000000000002,-1.134932840762787e-15,0.3300000000000002,-1.225089367754398e-15,0.3300000000000002,8.155896004020673e-07,0.3300000000000002,-1.991594571727104e-07,0.3300000000000002,4.50199009383117e-06
0.3350000000000002,-0.03833238992230404,0.3350000000000002,-0.5596368116132767,0.3350000000000002,22.52955178071663,0.3350000000000002,1.143719369848629e-15,0.3350000000000002,-1.699386018888076e-17,0.3350000000000002,-1.134697072239968e-15,0.3350000000000002,-1.233452638112791e-15,0.3350000000000002,9.124514558546209e-07,0.3350000000000002,-2.229463065003374e-07,0.3350000000000002,5.02287665596222e-06
0.3400000000000002,-0.03841524808166451,0.3400000000000002,-0.5596368116132767,0.3400000000000002,22.45189135475603,0.3400000000000002,1.14412058579692e-15,0.3400000000000002,-1.820098368624172e-17,0.3400000000000002,-1.13442203348805e-15,0.3400000000000002,-1.242615857209495e-15,0.3400000000000002,1.020432604619646e-06,0.3400000000000002,-2.49478341875356e-07,0.3400000000000002,5.601256999842548e-06
0.3450000000000002,-0.03850725268281034,0.3450000000000002,-0.5596368116132767,0.3450000000000002,22.37200577445046,0.3450000000000002,1.144539098178612e-15,0.3450000000000002,-1.950090365645982e-17,0.3450000000000002,-1.134105696291251e-15,0.3450000000000002,-1.252630295990402e-15,0.3450000000000002,1.140755106892423e-06,0.3450000000000002,-2.79057515929285e-07,0.3450000000000002,6.243072806096338e-06
0.3500000000000002,-0.03860931814660219,0.3500000000000002,-0.5596368116132767,0.3500000000000002,22.28991506895125,0.3500000000000002,1.144976863324405e-15,0.3500000000000002,-2.08984654409332e-17,0.3500000000000002,-1.133746106328746e-15,0.3500000000000002,-1.263545944062482e-15,0.3500000000000002,1.274768623992796e-06,0.3500000000000002,-3.12016836378093e-07,0.3500000000000002,6.954825309224726e-06
0.3550000000000002,-0.03872243367800598,0.3550000000000002,-0.5596368116132767,0.3550000000000002,22.2056422667209,0.3550000000000002,1.145435955296599e-15,0.3550000000000002,-2.239826447366139e-17,0.3550000000000002,-1.13334142515801e-15,0.3550000000000002,-1.275410646687226e-15,0.3550000000000002,1.423963070493187e-06,0.3550000000000002,-3.487232688932072e-07,0.3550000000000002,7.743620765710925e-06
0.3600000000000002,-0.03884766652580281,0.3600000000000002,-0.5596368116132767,0.3600000000000002,22.11921138958812,0.3600000000000002,1.145918567416413e-15,0.3600000000000002,-2.400455624394493e-17,0.3600000000000002,-1.132889973711116e-15,0.3600000000000002,-1.288269209192585e-15,0.3600000000000002,1.589982457608403e-06,0.3600000000000002,-3.895808718491662e-07,0.3600000000000002,8.617218347071266e-06
0.3650000000000002,-0.03898616487369515,0.3650000000000002,-0.5596368116132767,0.3650000000000002,22.03064494427023,0.3650000000000002,1.146427012744827e-15,0.3650000000000002,-2.572116699365104e-17,0.3650000000000002,-1.132390275625086e-15,0.3650000000000002,-1.302162503679186e-15,0.3650000000000002,1.774640022722598e-06,0.3650000000000002,-4.350341741746333e-07,0.3650000000000002,9.584080204315325e-06
0.3700000000000002,-0.03913916025480645,0.3700000000000002,-0.5596368116132767,0.3700000000000002,21.93996088936846,0.3700000000000002,1.146963723502574e-15,0.3700000000000002,-2.755140906595102e-17,0.3700000000000002,-1.131841098532211e-15,0.3700000000000002,-1.317126617027865e-15,0.3700000000000002,1.97993473925152e-06,0.3700000000000002,-4.855718058264525e-07,0.3700000000000002,1.065342329088798e-05
0.3750000000000002,-0.03930796937194034,0.3750000000000002,-0.5596368116132767,0.3750000000000002,21.84716907467295,0.3750000000000002,1.147531249472892e-15,0.3750000000000002,-2.949800491468207e-17,0.3750000000000002,-1.131241491382992e-15,0.3750000000000002,-1.333192080398975e-15,0.3750000000000002,2.208069296948051e-06,0.3750000000000002,-5.417303877850141e-07,0.3750000000000002,1.183527232703853e-05
0.3800000000000002,-0.0394939951977734,0.3800000000000002,-0.5596368116132767,0.3800000000000002,21.75226717406975,0.3800000000000002,1.148132255492407e-15,0.3800000000000002,-3.156302352207941e-17,0.3800000000000002,-1.130590815990769e-15,0.3800000000000002,-1.350383218068587e-15,0.3800000000000002,2.461469634302765e-06,0.3800000000000002,-6.040986846946077e-07,0.3800000000000002,1.314051303387176e-05
0.3850000000000002,-0.03969872722303388,0.3850000000000002,-0.5596368116132767,0.3850000000000002,21.65523616351735,0.3850000000000002,1.148769518195624e-15,0.3850000000000002,-3.374783234611254e-17,0.3850000000000002,-1.12988877127999e-15,0.3850000000000002,-1.368717647427821e-15,0.3850000000000002,2.7428060908631e-06,0.3850000000000002,-6.733220180806319e-07,0.3850000000000002,1.458094445577731e-05
0.3900000000000002,-0.03992374071736961,0.3900000000000002,-0.5596368116132767,0.3900000000000002,21.55603543111974,0.3900000000000002,1.149445922230908e-15,0.3900000000000002,-3.605306696891743e-17,0.3900000000000002,-1.129135409170511e-15,0.3900000000000002,-1.388205952667804e-15,0.3900000000000002,3.05501622709753e-06,0.3900000000000002,-7.501069311871903e-07,0.3900000000000002,1.616932882380348e-05
0.3950000000000002,-0.04017069486776841,0.3950000000000002,-0.5596368116132767,0.3950000000000002,21.45459764636411,0.3950000000000002,1.150164456204977e-15,0.3950000000000002,-3.847861943910209e-17,0.3950000000000002,-1.128331141593942e-15,0.3950000000000002,-1.408851543001901e-15,0.3950000000000002,3.401329331963397e-06,0.3950000000000002,-8.352260876166741e-07,0.3950000000000002,1.791943699205525e-05
0.4000000000000002,-0.0404413296638123,0.4000000000000002,-0.5596368116132767,0.4000000000000002,21.35082355853686,0.4000000000000002,1.150928208634152e-15,0.4000000000000002,-4.102364502715965e-17,0.4000000000000002,-1.127476738750816e-15,0.4000000000000002,-1.430650693566246e-15,0.4000000000000002,3.785292602892627e-06,0.4000000000000002,-9.295233748644321e-07,0.4000000000000002,1.98460870118995e-05
0.4050000000000002,-0.04073746140843496,0.4050000000000002,-0.5596368116132767,0.4050000000000002,21.24457693785614,0.4050000000000002,1.151740364181565e-15,0.4050000000000002,-4.368658589682481e-17,0.4050000000000002,-1.126573319306043e-15,0.4050000000000002,-1.453592754908039e-15,0.4050000000000002,4.210798939104161e-06,0.4050000000000002,-1.033919170329955e-06,0.4050000000000002,2.196517290904219e-05
0.4100000000000003,-0.04106097674784425,0.4100000000000003,-0.5596368116132767,0.4100000000000003,21.13567991386868,0.4100000000000003,1.152604200440074e-15,0.4100000000000003,-4.646520917885873e-17,0.4100000000000003,-1.125622333715143e-15,0.4100000000000003,-1.477660506660757e-15,0.4100000000000003,4.682116237050245e-06,0.4100000000000003,-1.149415711347717e-06,0.4100000000000003,2.429368021895063e-05
0.4150000000000003,-0.04141382513534834,0.4150000000000003,-0.5596368116132767,0.4150000000000003,21.02390900037531,0.4150000000000003,1.153523085483189e-15,0.4150000000000003,-4.935665622615314e-17,0.4150000000000003,-1.124625542221802e-15,0.4150000000000003,-1.502830623727612e-15,0.4150000000000003,5.203918017042449e-06,0.4150000000000003,-1.277102492249157e-06,0.4150000000000003,2.684968434830822e-05
0.4200000000000003,-0.04179800967127079,0.4200000000000003,-0.5596368116132767,0.4200000000000003,20.90899212028879,0.4200000000000003,1.154500476355374e-15,0.4200000000000003,-5.235749948747162e-17,0.4200000000000003,-1.12358498923927e-15,0.4200000000000003,-1.529074219652687e-15,0.4200000000000003,5.78131514400393e-06,0.4200000000000003,-1.418161590661117e-06,0.4200000000000003,2.965232740539631e-05
0.4250000000000003,-0.0422155762949586,0.4250000000000003,-0.5596368116132767,0.4250000000000003,20.79060695291743,0.4250000000000003,1.155539918614366e-15,0.4250000000000003,-5.546380346162626e-17,0.4250000000000003,-1.12250297582279e-15,0.4250000000000003,-1.556357431884678e-15,0.4250000000000003,6.419888334907766e-06,0.4250000000000003,-1.573872802612538e-06,0.4250000000000003,3.272176883049575e-05
0.4300000000000003,-0.04266860134475155,0.4300000000000003,-0.5596368116132767,0.4300000000000003,20.66838091598036,0.4300000000000003,1.156645046977743e-15,0.4300000000000003,-5.867118653357883e-17,0.4300000000000003,-1.121382031781147e-15,0.4300000000000003,-1.584642016849287e-15,0.4300000000000003,7.125721073579811e-06,0.4300000000000003,-1.745618442279454e-06,0.4300000000000003,3.60791050156509e-05
0.4350000000000003,-0.04315917754698238,0.4350000000000003,-0.5596368116132767,0.4350000000000003,20.5418930617442,0.4350000000000003,1.15781958706949e-15,0.4350000000000003,-6.197488106240601e-17,0.4350000000000003,-1.120224888703515e-15,0.4350000000000003,-1.613885928296459e-15,0.4350000000000003,7.905432483605663e-06,0.4350000000000003,-1.934887638364642e-06,0.4350000000000003,3.974625319220524e-05
0.4400000000000003,-0.04368939854448264,0.4400000000000003,-0.5596368116132767,0.4400000000000003,20.41067810894602,0.4400000000000003,1.159067358213935e-15,0.4400000000000003,-6.536978978587103e-17,0.4400000000000003,-1.119034454842457e-15,0.4400000000000003,-1.644043859262002e-15,0.4400000000000003,8.766209645967472e-06,0.4400000000000003,-2.143279936499718e-06,0.4400000000000003,4.374579524400126e-05
0.4450000000000003,-0.044261342127138,0.4450000000000003,-0.5596368116132767,0.4450000000000003,20.2742327494732,0.4450000000000003,1.160392277187114e-15,0.4450000000000003,-6.885053732819137e-17,0.4450000000000003,-1.117813792443309e-15,0.4450000000000003,-1.675067735185034e-15,0.4450000000000003,9.715838793817005e-06,0.4450000000000003,-2.37250799727757e-06,0.4450000000000003,4.810077782632233e-05
0.4500000000000003,-0.04487705237981013,0.4500000000000003,-0.5596368116132767,0.4500000000000003,20.13202426333571,0.4500000000000003,1.161798362810136e-15,0.4500000000000003,-7.241151626446291e-17,0.4500000000000003,-1.116566097784391e-15,0.4500000000000003,-1.706907152424491e-15,0.4500000000000003,1.076273477628575e-05,0.4500000000000003,-2.624399164392189e-06,0.4500000000000003,5.283446627291572e-05
0.4550000000000003,-0.04553852101414572,0.4550000000000003,-0.5596368116132767,0.4550000000000003,19.98350135211781,0.4550000000000003,1.163289741255374e-15,0.4550000000000003,-7.604692775060554e-17,0.4550000000000003,-1.115294683919536e-15,0.4550000000000003,-1.739509762041606e-15,0.4550000000000003,1.191596815962571e-05,0.4550000000000003,-2.900895668837737e-06,0.4550000000000003,5.797005127068887e-05
0.4600000000000003,-0.04624766819789683,0.4600000000000003,-0.5596368116132767,0.4600000000000003,19.82810696722955,0.4600000000000003,1.164870651932544e-15,0.4600000000000003,-7.97508171421293e-17,0.4600000000000003,-1.11400296590921e-15,0.4600000000000003,-1.772821602951329e-15,0.4600000000000003,1.318528932930074e-05,0.4600000000000003,-3.20405323514492e-06,0.4600000000000003,6.353030915880881e-05
0.4650000000000003,-0.04700632323575629,0.4650000000000003,-0.5596368116132767,0.4650000000000003,19.66529277440821,0.4650000000000003,1.166545453826156e-15,0.4650000000000003,-8.351710529295996e-17,0.4650000000000003,-1.112694448192312e-15,0.4650000000000003,-1.806787391325103e-15,0.4650000000000003,1.458114897142379e-05,0.4650000000000003,-3.536037865987176e-06,0.4650000000000003,6.953721891517835e-05
0.4700000000000003,-0.04781620548679991,0.4700000000000003,-0.5596368116132767,0.4700000000000003,19.49453477094221,0.4700000000000003,1.168318632165795e-15,0.4700000000000003,-8.733961635932736e-17,0.4700000000000003,-1.11137271368206e-15,0.4700000000000003,-1.841350774562256e-15,0.4700000000000003,1.611471434483746e-05,0.4700000000000003,-3.899120603584905e-06,0.4700000000000003,7.601154133907437e-05
0.4750000000000003,-0.04867890592310388,0.4750000000000003,-0.5596368116132767,0.4750000000000003,19.31534946818561,0.4750000000000003,1.170194805324269e-15,0.4750000000000003,-9.121210295676165e-17,0.4750000000000003,-1.11004141415516e-15,0.4750000000000003,-1.876454558463708e-15,0.4750000000000003,1.779788080294763e-05,0.4750000000000003,-4.295670101034121e-06,0.4750000000000003,8.297236849667967e-05
0.4800000000000003,-0.04959586974007344,0.4800000000000003,-0.5596368116132767,0.4800000000000003,19.12730997934645,0.4800000000000003,1.172178731853667e-15,0.4800000000000003,-9.512826945870261e-17,0.4800000000000003,-1.108704261530224e-15,0.4800000000000003,-1.912040915715913e-15,0.4800000000000003,1.964327808214062e-05,0.4800000000000003,-4.728142884108869e-06,0.4800000000000003,9.043665400622557e-05
0.4850000000000003,-0.05056838042019751,0.4850000000000003,-0.5596368116132767,0.4850000000000003,18.93006131930579,0.4850000000000003,1.174275317584467e-15,0.4850000000000003,-9.908179411129679e-17,0.4850000000000003,-1.10736501968552e-15,0.4850000000000003,-1.948051582704768e-15,0.4850000000000003,2.166427093495094e-05,0.4850000000000003,-5.199071243492423e-06,0.4850000000000003,9.841873701906411e-05
0.4900000000000003,-0.05159754562779049,0.4900000000000003,-0.5596368116132767,0.4900000000000003,18.72333423413987,0.4900000000000003,1.176489622726836e-15,0.4900000000000003,-1.030663504955345e-16,0.4900000000000003,-1.106027496535509e-15,0.4900000000000003,-1.984428050276841e-15,0.4900000000000003,2.387495374417225e-05,0.4900000000000003,-5.711048767089795e-06,0.4900000000000003,0.0001069298746118066
0.4950000000000003,-0.0526842852731052,0.4950000000000003,-0.5596368116132767,0.4950000000000003,18.50695693387334,0.4950000000000003,1.178826868925511e-15,0.4950000000000003,-1.070756287150353e-16,0.4950000000000003,-1.104695536160348e-15,0.4950000000000003,-2.02111175255117e-15,0.4950000000000003,2.62901388021918e-05,0.4950000000000003,-6.26671359943945e-06,0.4950000000000003,0.0001159777985620605
0.5000000000000003,-0.05379938766921829,0.5000000000000003,-0.5596649464148314,0.5000000000000003,18.28086419938836,0.5000000000000003,1.18129244622985e-15,0.5000000000000003,-1.111033565403195e-16,0.5000000000000003,-1.103373010855358e-15,0.5000000000000003,-2.05804425640846e-15,0.5000000000000003,2.892533797267361e-05,0.5000000000000003,-6.868729596820686e-06,0.5000000000000003,0.0001255663129843943
0.5050000000000003,-0.0549987238031481,0.5050000000000003,-0.5596676131157444,0.5050000000000003,18.04510346605363,0.5050000000000003,1.183891919948598e-15,0.5050000000000003,-1.151433206080812e-16,0.5050000000000003,-1.102063813033443e-15,0.5050000000000003,-2.095167452946608e-15,0.5050000000000003,3.179673746627113e-05,0.5050000000000003,-7.519765628349458e-06,0.5050000000000003,0.0001356949489486486
0.5100000000000003,-0.05625664171746261,0.5100000000000003,-0.5596704914706508,0.5100000000000003,17.79983764212521,0.5100000000000003,1.186631037364822e-15,0.5100000000000003,-1.191893876624891e-16,0.5100000000000003,-1.100771846969667e-15,0.5100000000000003,-2.132423751051078e-15,0.5100000000000003,3.492116545837981e-05,0.5100000000000003,-8.222473350724426e-06,0.5100000000000003,0.000146358690945603
0.5150000000000003,-0.05757320075947866,0.5150000000000003,-0.5596735921753251,0.5150000000000003,17.54534458699273,0.5150000000000003,1.189515734290417e-15,0.5150000000000003,-1.232355257372536e-16,0.5150000000000003,-1.099501020422464e-15,0.5150000000000003,-2.169756272312351e-15,0.5150000000000003,3.831605225860806e-05,0.5150000000000003,-8.979463852854711e-06,0.5150000000000003,0.000157547787931221
0.5200000000000004,-0.05894825317453441,0.5200000000000004,-0.5596769256610064,0.5200000000000004,17.28201334003493,0.5200000000000004,1.192552141441923e-15,0.5200000000000004,-1.272758251121694e-16,0.5200000000000004,-1.0982552362e-15,0.5200000000000004,-2.207109045832971e-15,0.5200000000000004,4.199938271574376e-05,0.5200000000000004,-9.793283622237428e-06,0.5200000000000004,0.000169247658767813
0.5250000000000004,-0.06038144915910123,0.5250000000000004,-0.5596805019951883,0.5250000000000004,17.01033734315445,0.5250000000000004,1.195746590620237e-15,0.5250000000000004,-1.313045188346157e-16,0.5250000000000004,-1.097038383763693e-15,0.5250000000000004,-2.244427200991504e-15,0.5250000000000004,4.598964051868365e-05,0.5250000000000004,-1.066639032421324e-05,0.5250000000000004,0.0001814388983516559
0.5300000000000004,-0.06187224453330838,0.5300000000000004,-0.5596843307837467,0.5300000000000004,16.73090502891107,0.5300000000000004,1.199105620676587e-15,0.5300000000000004,-1.3531600257267e-16,0.5300000000000004,-1.095854330974986e-15,0.5300000000000004,-2.281657155947356e-15,0.5300000000000004,5.030574404529892e-05,0.5300000000000004,-1.160112890564179e-05,0.5300000000000004,0.0001940973867869722
0.5350000000000004,-0.06341991078438838,0.5350000000000004,-0.5596884210764843,0.5350000000000004,16.44438824431849,0.5350000000000004,1.202635983245936e-15,0.5350000000000004,-1.393048535591748e-16,0.5350000000000004,-1.094706916097263e-15,0.5350000000000004,-2.318746799551845e-15,0.5350000000000004,5.496697343042513e-05,0.5350000000000004,-1.259970853480659e-05,0.5350000000000004,0.0002071944998833489
0.5400000000000004,-0.06502354717764791,0.5400000000000004,-0.5596927812781187,0.5400000000000004,16.15152904379983,0.5400000000000004,1.206344648227032e-15,0.5400000000000004,-1.432658483924128e-16,0.5400000000000004,-1.093599940163934e-15,0.5400000000000004,-2.35564566434949e-15,0.5400000000000004,5.999288858324371e-05,0.5400000000000004,-1.366418086948754e-05,0.5400000000000004,0.0002206974152756419
0.5450000000000004,-0.06668209459041051,0.5450000000000004,-0.5596974190665649,0.5450000000000004,15.8531254127662,0.5450000000000004,1.210238808985864e-15,0.5450000000000004,-1.471939794760119e-16,0.5450000000000004,-1.09253715981735e-15,0.5450000000000004,-2.392305088480479e-15,0.5450000000000004,6.54032379927916e-05,0.5450000000000004,-1.47964201063577e-05,0.5450000000000004,0.0002345695048362594
0.5500000000000004,-0.06839435069795219,0.5500000000000004,-0.5597023413201415,0.5500000000000004,15.55001647794972,0.5500000000000004,1.214325887256346e-15,0.5500000000000004,-1.510844699057275e-16,0.5500000000000004,-1.091522280712681e-15,0.5500000000000004,-2.428678364505725e-15,0.5500000000000004,7.121785832394576e-05,0.5500000000000004,-1.599810520955432e-05,0.5500000000000004,0.0002487708009794932
0.5550000000000004,-0.07015898612892832,0.5550000000000004,-0.5597075540550532,0.5550000000000004,15.2430677264504,0.5550000000000004,1.21861353770877e-15,0.5550000000000004,-1.54932786641383e-16,0.5550000000000004,-1.090558951567358e-15,0.5550000000000004,-2.464720873446018e-15,0.5550000000000004,7.745656502564235e-05,0.5550000000000004,-1.727070464770219e-05,0.5550000000000004,0.0002632585221048874
0.5600000000000004,-0.07197456121047449,0.5600000000000004,-0.5597130623741761,0.5600000000000004,14.93315669845873,0.5600000000000004,1.223109652153072e-15,0.5600000000000004,-1.587346518364379e-16,0.5600000000000004,-1.089650758921089e-15,0.5600000000000004,-2.500390202636476e-15,0.5600000000000004,8.413903444349255e-05,0.5600000000000004,-1.861546389071447e-05,0.5600000000000004,0.0002779876408890357
0.5650000000000004,-0.0738395429387091,0.5650000000000004,-0.5597188704278278,0.5650000000000004,14.6211595455773,0.5650000000000004,1.227822363340278e-15,0.5650000000000004,-1.624860522335949e-16,0.5650000000000004,-1.088801222654693e-15,0.5650000000000004,-2.535646246329321e-15,0.5650000000000004,9.1284678239959e-05,0.5650000000000004,-2.003339583452426e-05,0.5650000000000004,0.0002929114784452563
0.5700000000000004,-0.07575232183682913,0.5700000000000004,-0.5597249813868876,0.5700000000000004,14.30793876442576,0.5700000000000004,1.232760048321629e-15,0.5700000000000004,-1.661832465710443e-16,0.5700000000000004,-1.088013792298793e-15,0.5700000000000004,-2.570451288316942e-15,0.5700000000000004,9.89125112615559e-05,0.5700000000000004,-2.152527423764115e-05,0.5700000000000004,0.0003079823074994038
0.5750000000000004,-0.07771122839814304,0.5750000000000004,-0.5597313974282457,0.5750000000000004,13.99433233008739,0.5750000000000004,1.23793133132099e-15,0.5750000000000004,-1.698227709791895e-16,0.5750000000000004,-1.087291844146346e-15,0.5750000000000004,-2.604770066181772e-15,0.5750000000000004,0.0001070410143351071,0.5750000000000004,-2.309163017191887e-05,0.5750000000000004,0.0003231519485960897
0.5800000000000004,-0.07971454885272534,0.5800000000000004,-0.5597381197323082,0.5800000000000004,13.68114437132127,0.5800000000000004,1.243345086072178e-15,0.5800000000000004,-1.734014423809826e-16,0.5800000000000004,-1.086638679166555e-15,0.5800000000000004,-2.638569817099156e-15,0.5800000000000004,0.0001156879938025681,0.5800000000000004,-2.473275141444024e-05,0.5800000000000004,0.0003383723448309426
0.5850000000000004,-0.08176054004151195,0.5850000000000004,-0.5597451484919755,0.5850000000000004,13.36913745351798,0.5850000000000004,1.249010437568848e-15,0.5850000000000004,-1.769163599396251e-16,0.5850000000000004,-1.086057521702312e-15,0.5850000000000004,-2.671820305417444e-15,0.5850000000000004,0.0001248704398945865,0.5850000000000004,-2.644868464060084e-05,0.5850000000000004,0.0003535961025542855
0.5900000000000004,-0.08384744322823233,0.5900000000000004,-0.55975248293228,0.5900000000000004,13.05902646906415,0.5900000000000004,1.254936763170597e-15,0.5900000000000004,-1.803649046247628e-16,0.5900000000000004,-1.085551518919219e-15,0.5900000000000004,-2.704493832509445e-15,0.5900000000000004,0.0001346043862762968,0.5900000000000004,-2.823924022212659e-05,0.5900000000000004,0.0003687769877518697
0.5950000000000004,-0.08597349672555214,0.5950000000000004,-0.5597601213397213,0.5950000000000004,12.75147407983022,0.5950000000000004,1.261133693005055e-15,0.5950000000000004,-1.837447369921001e-16,0.5950000000000004,-1.08512374096166e-15,0.5950000000000004,-2.736565229627854e-15,0.5950000000000004,0.0001449047732575082,0.5950000000000004,-3.010399938898754e-05,0.5950000000000004,0.0003838703702244525
0.6000000000000004,-0.08813694725549646,0.6000000000000004,-0.5597680611001457,0.6000000000000004,12.44708761357452,0.6000000000000004,1.267611109601871e-15,0.6000000000000004,-1.87053793291348e-16,0.6000000000000004,-1.084777181760477e-15,0.6000000000000004,-2.76801183470154e-15,0.6000000000000004,0.0001557853172303629,0.6000000000000004,-3.204232348130921e-05,0.6000000000000004,0.0003988336101188265
0.6050000000000004,-0.0903360600042299,0.6050000000000004,-0.5597762987439903,0.6050000000000004,12.14641728495281,0.6050000000000004,1.274379146690865e-15,0.6050000000000004,-1.902902800335322e-16,0.6050000000000004,-1.084514760427614e-15,0.6050000000000004,-2.798813454178432e-15,0.6050000000000004,0.0001672583888731552,0.6050000000000004,-3.405336499616785e-05,0.6050000000000004,0.0004136263836889449
0.6100000000000004,-0.0925691273667224,0.6100000000000004,-0.5597848299976171,0.6100000000000004,11.84995559167213,0.6100000000000004,1.281448187093069e-15,0.6100000000000004,-1.934526671609733e-16,0.6100000000000004,-1.084339323165625e-15,0.6100000000000004,-2.828952311154463e-15,0.6100000000000004,0.0001793349025376206,0.6100000000000004,-3.613608012381434e-05,0.6100000000000004,0.0004282109472935689
0.6150000000000004,-0.0948344764070652,0.6150000000000004,-0.5597936498395021,0.6150000000000004,11.55813772582682,0.6150000000000004,1.28882885963017e-15,0.6150000000000004,-1.965396799718461e-16,0.6150000000000004,-1.084253645614261e-15,0.6150000000000004,-2.858412981127151e-15,0.6150000000000004,0.0001920242190228483,0.6150000000000004,-3.828924246725211e-05,0.6150000000000004,0.0004425523405003788
0.6200000000000004,-0.09713047508503395,0.6200000000000004,-0.5598027525600457,0.6200000000000004,11.27134283805,0.6200000000000004,1.296532034974878e-15,0.6200000000000004,-1.995502899563477e-16,0.6200000000000004,-1.084260435552227e-15,0.6200000000000004,-2.887182316778892e-15,0.6200000000000004,0.0002053340636417349,0.6200000000000004,-4.051145764681709e-05,0.6200000000000004,0.0004566185307263222
0.6250000000000004,-0.09945553731892287,0.6250000000000004,-0.5598121318238467,0.6250000000000004,10.98989599617033,0.6250000000000004,1.304568820362192e-15,0.6250000000000004,-2.024837047034299e-16,0.6250000000000004,-1.084362335869741e-15,0.6250000000000004,-2.915249363231033e-15,0.6250000000000004,0.0002192704611198667,0.6250000000000004,-4.280117850596637e-05,0.6250000000000004,0.0004703805030842762
0.6300000000000004,-0.1018081269689688,0.6300000000000004,-0.5598217807333571,0.6300000000000004,10.71407068898412,0.6300000000000004,1.312950553079355e-15,0.6300000000000004,-2.053393570361019e-16,0.6300000000000004,-1.08456192772645e-15,0.6300000000000004,-2.942605265218013e-15,0.6300000000000004,0.0002338376884496103,0.6300000000000004,-4.515672065435538e-05,0.6300000000000004,0.0004838123000307354
0.6350000000000005,-0.1041867608352674,0.6350000000000005,-0.5598316918929372,0.6350000000000005,10.44409173806816,0.6350000000000005,1.321688792650706e-15,0.6350000000000005,-2.081168935298385e-16,0.6350000000000005,-1.08486173380951e-15,0.6350000000000005,-2.969243167614543e-15,0.6350000000000005,0.0002490382463738201,0.6350000000000005,-4.757627810801029e-05,0.6350000000000005,0.0004968910160371665
0.6400000000000005,-0.1065900107695014,0.6400000000000005,-0.5598418574724306,0.6400000000000005,10.18013849498553,0.6400000000000005,1.330795311632583e-15,0.6400000000000005,-2.108161625629874e-16,0.6400000000000005,-1.085264221608109e-15,0.6400000000000005,-2.995158110710794e-15,0.6400000000000005,0.000264872849714447,0.6400000000000005,-5.005793881263995e-05,0.6400000000000005,0.0005095967528685025
0.6450000000000005,-0.109016505001639,0.6450000000000005,-0.5598522692694997,0.6450000000000005,9.922348216699891,0.6450000000000005,1.340282084933113e-15,0.6450000000000005,-2.134372020406289e-16,0.6450000000000005,-1.08577180662317e-15,0.6450000000000005,-3.020346921574604e-15,0.6450000000000005,0.0002813404363113303,0.6450000000000005,-5.259969986369531e-05,0.6450000000000005,0.0005219125411820405
0.6500000000000005,-0.1114649287816437,0.6500000000000005,-0.5598629187700694,0.6500000000000005,9.670819527658344,0.6500000000000005,1.35016127757218e-15,0.6500000000000005,-2.159802269244716e-16,0.6500000000000005,-1.086386855434342e-15,0.6500000000000005,-3.044808102768737e-15,0.6500000000000005,0.0002984381939136442,0.6500000000000005,-5.519948226466114e-05,0.6500000000000005,0.000533824234097823
0.6550000000000005,-0.1139340244327833,0.6550000000000005,-0.5598737972063408,0.6550000000000005,9.425615892178168,0.6550000000000005,1.3604452307982e-15,0.6550000000000005,-2.184456166913838e-16,0.6550000000000005,-1.087111688550557e-15,0.6550000000000005,-3.068541719608494e-15,0.6550000000000005,0.0003161616039862185,0.6550000000000005,-5.785514509242813e-05,0.6550000000000005,0.0005453203781765747
0.6600000000000005,-0.1164225909078727,0.6600000000000005,-0.5598848956119509,0.6600000000000005,9.186769035016788,0.6600000000000005,1.371146446480607e-15,0.6600000000000005,-2.20833902832409e-16,0.6600000000000005,-1.087948582975175e-15,0.6600000000000005,-3.091549287053593e-15,0.6600000000000005,0.0003345045010671751,0.6600000000000005,-6.05644989647827e-05,0.6600000000000005,0.000556392066910665
0.6650000000000005,-0.1189294829332941,0.6650000000000005,-0.5598962048739423,0.6650000000000005,8.954282261012679,0.6650000000000005,1.382277569700397e-15,0.6650000000000005,-2.231457564928797e-16,0.6650000000000005,-1.088899774422028e-15,0.6650000000000005,-3.11383365723066e-15,0.6650000000000005,0.0003534591460503513,0.6650000000000005,-6.332531872958386e-05,0.6650000000000005,0.0005670327814212718
0.6700000000000005,-0.1214536098183022,0.6700000000000005,-0.5599077157813124,0.6700000000000005,8.72813363628898,0.6700000000000005,1.393851369465588e-15,0.6700000000000005,-2.253819763427752e-16,0.6700000000000005,-1.089967459124402e-15,0.6700000000000005,-3.135398908481777e-15,0.6700000000000005,0.0003730163115702162,0.6700000000000005,-6.613535531771725e-05,0.6700000000000005,0.000577238222590604
0.6750000000000005,-0.1239939339993911,0.6750000000000005,-0.5599194190699764,0.6750000000000005,8.508279003644066,0.6750000000000005,1.405880717484297e-15,0.6750000000000005,-2.275434767550177e-16,0.6750000000000005,-1.091153795184992e-15,0.6750000000000005,-3.156250236732174e-15,0.6750000000000005,0.0003931653775393389,0.6750000000000005,-6.899234672220781e-05,0.6750000000000005,0.000587006138366892
0.6800000000000005,-0.1265494693816003,0.6800000000000005,-0.5599313054640777,0.6800000000000005,8.294654813424735,0.6800000000000005,1.41837856493534e-15,0.6800000000000005,-2.296312763581566e-16,0.6800000000000005,-1.092460903421133e-15,0.6800000000000005,-3.176393849868497e-15,0.6800000000000005,0.0004138944348267574,0.6800000000000005,-7.189402808383548e-05,0.6800000000000005,0.0005963361494824445
0.6850000000000005,-0.1291192795309159,0.6850000000000005,-0.5599433657136245,0.6850000000000005,8.087180758458471,0.6850000000000005,1.431357917184879e-15,0.6850000000000005,-2.31646487019002e-16,0.6850000000000005,-1.093890867666059e-15,0.6850000000000005,-3.195836865719623e-15,0.6850000000000005,0.0004351903950647067,0.6850000000000005,-7.48381408791819e-05,0.6850000000000005,0.0006052295763376496
0.6900000000000005,-0.1317024757644926,0.6900000000000005,-0.5599555906284783,0.6900000000000005,7.885762207611899,0.6900000000000005,1.444831806407789e-15,0.6900000000000005,-2.335903033003992e-16,0.6900000000000005,-1.095445734493494e-15,0.6900000000000005,-3.214587214136137e-15,0.6900000000000005,0.0004570391046244223,0.6900000000000005,-7.782244122031829e-05,0.6900000000000005,0.0006136892693386758
0.6950000000000005,-0.1342982151784306,0.6950000000000005,-0.5599679711087984,0.6950000000000005,7.690292437372576,0.6950000000000005,1.458813262084152e-15,0.6950000000000005,-2.354639924295552e-16,0.6950000000000005,-1.097127512339523e-15,0.6950000000000005,-3.232653543573255e-15,0.6950000000000005,0.0004794254609006069,0.6950000000000005,-8.084470728639617e-05,0.6950000000000005,0.000621719444542642
0.7000000000000005,-0.1369056986464358,0.7000000000000005,-0.5599804981720444,0.7000000000000005,7.500654664652569,0.7000000000000005,1.473315279354653e-15,0.7000000000000005,-2.372688848032476e-16,0.7000000000000005,-1.09893817000238e-15,0.7000000000000005,-3.250045132496272e-15,0.7000000000000005,0.0005023335291798094,0.7000000000000005,-8.390274591638347e-05,0.7000000000000005,0.0006293255260669447
0.7050000000000005,-0.1395241688168349,0.7050000000000005,-0.5599931629766915,0.7050000000000005,7.316723886924456,0.7050000000000005,1.488350785233603e-15,0.7050000000000005,-2.390063650478774e-16,0.7050000000000005,-1.100879634507491e-15,0.7050000000000005,-3.266771805847632e-15,0.7050000000000005,0.0005257466585310452,0.7050000000000005,-8.699439839924991e-05,0.7050000000000005,0.0006365139963626849
0.7100000000000005,-0.1421529081302054,0.7100000000000005,-0.560005956842837,0.7100000000000005,7.138368537952084,0.7100000000000005,1.503932602695069e-15,0.7100000000000005,-2.406778636447464e-16,0.7100000000000005,-1.102953788331828e-15,0.7100000000000005,-3.282843856741468e-15,0.7100000000000005,0.0005496475953387334,0.7100000000000005,-9.011754550324628e-05,0.7100000000000005,0.0006432922551370217
0.7150000000000005,-0.1447912368752819,0.7150000000000005,-0.5600188712698653,0.7150000000000005,6.965451968894656,0.7150000000000005,1.520073412665739e-15,0.7150000000000005,-2.422848491241098e-16,0.7150000000000005,-1.105162465988316e-15,0.7150000000000005,-3.298271973484382e-15,0.7150000000000005,0.0005740185932899655,0.7150000000000005,-9.327011178970806e-05,0.7150000000000005,0.0006496684874355373
0.7200000000000005,-0.1474385112967826,0.7200000000000005,-0.5600318979513884,0.7200000000000005,6.797833765551689,0.7200000000000005,1.536785713978179e-15,0.7200000000000005,-2.438288208255207e-16,0.7200000000000005,-1.107507449977721e-15,0.7200000000000005,-3.313067171961125e-15,0.7200000000000005,0.0005988415188232682,0.7200000000000005,-9.64500692592793e-05,0.7200000000000005,0.0006556515411620047
0.7250000000000005,-0.1500941217653636,0.7250000000000005,-0.5600450287876488,0.7250000000000005,6.635370913080109,0.7250000000000005,1.554081781359363e-15,0.7250000000000005,-2.453113022166749e-16,0.7250000000000005,-1.109990466122045e-15,0.7250000000000005,-3.327240733369951e-15,0.7250000000000005,0.0006240979512377234,0.7250000000000005,-9.965544037972809e-05,0.7250000000000005,0.0006612508141168585
0.7300000000000005,-0.1527574910169825,0.7300000000000005,-0.5600582558955958,0.7300000000000005,6.477918819735379,0.7300000000000005,1.571973621552215e-15,0.7300000000000005,-2.467338347584129e-16,0.7300000000000005,-1.112613178300061e-15,0.7300000000000005,-3.34080414724508e-15,0.7300000000000005,0.0006497692768449745,0.7300000000000005,-0.0001028843005448593,0.7300000000000005,0.0006664761504744556
0.7350000000000005,-0.1554280724665064,0.7350000000000005,-0.5600715716168271,0.7350000000000005,6.325332211144628,0.7350000000000005,1.590472927691795e-15,0.7350000000000005,-2.480979722996474e-16,0.7350000000000005,-1.115377182612116e-15,0.7350000000000005,-3.353769059662163e-15,0.7350000000000005,0.000675836776717899,0.7350000000000005,-0.0001061347800135142,0.7350000000000005,0.000671337746489515
0.7400000000000005,-0.158105348598379,0.7400000000000005,-0.5600849685236016,0.7400000000000005,6.177465906369062,0.7400000000000005,1.609591032082817e-15,0.7400000000000005,-2.494052759827651e-16,0.7400000000000005,-1.118284001007725e-15,0.7400000000000005,-3.366147226487139e-15,0.7400000000000005,0.0007022817077462805,0.7400000000000005,-0.0001094050653765155,0.7400000000000005,0.0006758460651216437
0.7450000000000006,-0.1607888294355139,0.7450000000000006,-0.5600984394231087,0.7450000000000006,6.034175486612504,0.7450000000000006,1.629338857550951e-15,0.7450000000000006,-2.506573096374283e-16,0.7450000000000006,-1.121335074415802e-15,0.7450000000000006,-3.377950471498378e-15,0.7450000000000006,0.0007290853768494141,0.7450000000000006,-0.0001126934005977355,0.7450000000000006,0.0006800117591900914
0.7500000000000006,-0.1634780510862806,0.7500000000000006,-0.5601119773601699,0.7500000000000006,5.895317866922547,0.7500000000000006,1.64972686756666e-15,0.7500000000000006,-2.518556356386345e-16,0.7500000000000006,-1.124531755423497e-15,0.7500000000000006,-3.389190649186694e-15,0.7500000000000006,0.0007562292083176924,0.7500000000000006,-0.000115998087673411,0.7500000000000006,0.0006838456026155285
0.7550000000000006,-0.1661725743684021,0.7550000000000006,-0.5601255756185484,0.7550000000000006,5.760751780647841,0.7550000000000006,1.670765015366861e-15,0.7550000000000006,-2.530018112033386e-16,0.7550000000000006,-1.127875300555571e-15,0.7550000000000006,-3.399879612016975e-15,0.7550000000000006,0.0007836948043594741,0.7550000000000006,-0.0001193174869514839,0.7550000000000006,0.000687358429268547
0.7600000000000006,-0.1688719835078168,0.7600000000000006,-0.560139227721033,0.7600000000000006,5.630338185787109,0.7600000000000006,1.692462692326005e-15,0.7600000000000006,-2.540973850988466e-16,0.7600000000000006,-1.131366862211944e-15,0.7600000000000006,-3.410029181918431e-15,0.7600000000000006,0.0008114639990164177,0.7600000000000006,-0.000122650017150209,0.7600000000000006,0.0006905610789227704
0.7650000000000006,-0.1715758849099637,0.7650000000000006,-0.5601529274284325,0.7650000000000006,5.503940601715414,0.7650000000000006,1.714828675853952e-15,0.7650000000000006,-2.551438947355072e-16,0.7650000000000006,-1.135007480326494e-15,0.7650000000000006,-3.419651125757597e-15,0.7650000000000006,0.0008395189056808701,0.7650000000000006,-0.0001259941551126209,0.7650000000000006,0.0006934643498012874
0.7700000000000006,-0.1742839060005474,0.7700000000000006,-0.5601666687376304,0.7700000000000006,5.381425384118296,0.7700000000000006,1.737871077122889e-15,0.7700000000000006,-2.561428636159163e-16,0.7700000000000006,-1.138798073815223e-15,0.7700000000000006,-3.42875713453857e-15,0.7700000000000006,0.00086784195850403,0.7700000000000006,-0.0001293484353307638,0.7700000000000006,0.0006960789572061594
0.7750000000000006,-0.1769956941325647,0.7750000000000006,-0.5601804458788242,0.7750000000000006,5.262661945318916,0.7750000000000006,1.761597288948775e-15,0.7750000000000006,-2.570957991128623e-16,0.7750000000000006,-1.142739431886588e-15,0.7750000000000006,-3.437358806068491e-15,0.7750000000000006,0.0008964159480247722,0.7750000000000006,-0.0001327114492708851,0.7750000000000006,0.0006984154977298572
0.7800000000000006,-0.179710915556223,0.7800000000000006,-0.5601942533120675,0.7800000000000006,5.147522926556144,0.7800000000000006,1.786013934174423e-15,0.7800000000000006,-2.58004190548539e-16,0.7800000000000006,-1.146832205290931e-15,0.7800000000000006,-3.445467630822429e-15,0.7800000000000006,0.0009252240513780023,0.7800000000000006,-0.0001360818445281712,0.7800000000000006,0.0007004844185628897
0.7850000000000006,-0.1824292544483104,0.7850000000000006,-0.5602080857232197,0.7850000000000006,5.035884328171398,0.7850000000000006,1.81112681492024e-15,0.7850000000000006,-2.588695075480977e-16,0.7850000000000006,-1.151076897589544e-15,0.7850000000000006,-3.453094980740394e-15,0.7850000000000006,0.0009542498574594572,0.7850000000000006,-0.0001394583238370289,0.7850000000000006,0.0007022959914318816
0.7900000000000006,-0.185150411997593,0.7900000000000006,-0.560221938019397,0.7900000000000006,4.927625603092504,0.7900000000000006,1.836940863084976e-15,0.7900000000000006,-2.596931986413745e-16,0.7900000000000006,-1.155473856526858e-15,0.7900000000000006,-3.460252100689935e-15,0.7900000000000006,0.0009834773874328551,0.7900000000000006,-0.000142839643960481,0.7900000000000006,0.0007038602907257367
0.7950000000000006,-0.1878741055428572,0.7950000000000006,-0.5602358053240197,0.7950000000000006,4.822629718468414,0.7950000000000006,1.863460092491565e-15,0.7950000000000006,-2.604766900875634e-16,0.7950000000000006,-1.160023265591474e-15,0.7950000000000006,-3.466950102330417e-15,0.7950000000000006,0.001012891110966449,0.7950000000000006,-0.0001462246144799071,0.7950000000000006,0.0007051871753930523
0.8000000000000006,-0.1906000677603366,0.8000000000000006,-0.5602496829715318,0.8000000000000006,4.720783189810065,0.8000000000000006,1.890687553082292e-15,0.8000000000000006,-2.612213848987041e-16,0.8000000000000006,-1.164725135853198e-15,0.8000000000000006,-3.473199960119406e-15,0.8000000000000006,0.001042475958580945,0.8000000000000006,-0.0001496120965041855,0.8000000000000006,0.0007062862742208045
0.8050000000000006,-0.1933280458973792,0.8050000000000006,-0.5602635665018468,0.8050000000000006,4.621976091531559,0.8050000000000006,1.918625287572155e-15,0.8050000000000006,-2.619286620390682e-16,0.8050000000000006,-1.169579298163806e-15,0.8050000000000006,-3.479012509207431e-15,0.8050000000000006,0.001072217330480463,0.8050000000000006,-0.0001530010013152288,0.8050000000000006,0.0007071669741316765
0.8100000000000006,-0.196057801049362,0.8100000000000006,-0.5602774516546137,0.8100000000000006,4.526102047360611,0.8100000000000006,1.94727429096969e-15,0.8100000000000006,-2.625998757788468e-16,0.8100000000000006,-1.174585395808964e-15,0.8100000000000006,-3.48439844497466e-15,0.8100000000000006,0.001102101102224204,0.8100000000000006,-0.0001563902889650365,0.8100000000000006,0.0007078384111647508
0.8150000000000006,-0.1987891074770281,0.8150000000000006,-0.5602913343633229,0.8150000000000006,4.433058203698974,0.8150000000000006,1.976634473369591e-15,0.8150000000000006,-2.632363551819379e-16,0.8150000000000006,-1.179742877697354e-15,0.8150000000000006,-3.489368323971394e-15,0.8150000000000006,0.001132113627579271,0.8150000000000006,-0.0001597789668376067,0.8150000000000006,0.0007083094638310725
0.8200000000000006,-0.2015217519615839,0.8200000000000006,-0.5603052107493253,0.8200000000000006,4.342745188658796,0.8200000000000006,2.006704626411654e-15,0.8200000000000006,-2.638394037090896e-16,0.8200000000000006,-1.185050992170786e-15,0.8200000000000006,-3.493932566033902e-15,0.8200000000000006,0.00116224173887602,0.8200000000000006,-0.0001631660881874665,0.8200000000000006,0.0007085887485615982
0.8250000000000006,-0.2042555331950649,0.8250000000000006,-0.5603190771157945,0.8250000000000006,4.25506705917957,0.8250000000000006,2.03748239378523e-15,0.8250000000000006,-2.644102989191428e-16,0.8250000000000006,-1.190508781515657e-15,0.8250000000000006,-3.498101457357603e-15,0.8250000000000006,0.001192472745166809,0.8250000000000006,-0.0001665507506650986,0.8250000000000006,0.000708684616989879
0.8300000000000006,-0.2069902612036477,0.8300000000000006,-0.5603329299416701,0.8300000000000006,4.169931238339616,0.8300000000000006,2.068964246137729e-15,0.8300000000000006,-2.649502922526366e-16,0.8300000000000006,-1.196115077251748e-15,0.8300000000000006,-3.501885154321038e-15,0.8300000000000006,0.00122279442846778,0.8300000000000006,-0.000169932094838218,0.8300000000000006,0.0007086051548354307
0.8350000000000006,-0.2097257568017468,0.8350000000000006,-0.560346765875621,0.8350000000000006,4.087248444714608,0.8350000000000006,2.101145460719521e-15,0.8350000000000006,-2.654606088835601e-16,0.8350000000000006,-1.201868496268865e-15,0.8350000000000006,-3.505293687866292e-15,0.8350000000000006,0.001253195038341864,0.8350000000000006,-0.0001733093027166339,0.8350000000000006,0.0007083581821759587
0.8400000000000006,-0.2124618510748934,0.8400000000000006,-0.5603605817300461,0.8400000000000006,4.006932615400593,0.8400000000000006,2.134020106066244e-15,0.8400000000000006,-2.659424476265395e-16,0.8400000000000006,-1.20776743787539e-15,0.8400000000000006,-3.508336968254441e-15,0.8400000000000006,0.00128366328505994,0.8400000000000006,-0.0001766815962873525,0.8400000000000006,0.0007079512549173451
0.8450000000000006,-0.2151983848895414,0.8450000000000006,-0.5603743744751404,0.8450000000000006,3.928900824108997,0.8450000000000006,2.167581031983045e-15,0.8450000000000006,-2.663969808882491e-16,0.8450000000000006,-1.213810081815378e-15,0.8450000000000006,-3.511024790028123e-15,0.8450000000000006,0.001314188331556303,0.8450000000000006,-0.0001800482360655901,0.8450000000000006,0.0007073916672896066
0.8500000000000006,-0.2179352084280832,0.8500000000000006,-0.5603881412330466,0.8500000000000006,3.853073195553665,0.8500000000000006,2.201819865054186e-15,0.8500000000000006,-2.668253546532758e-16,0.8500000000000006,-1.219994387302532e-15,0.8500000000000006,-3.513366837027366e-15,0.8500000000000006,0.001344759784374606,0.8500000000000006,-0.0001834085196664957,0.8500000000000006,0.0007066864552148712
0.8550000000000006,-0.2206721807474907,0.8550000000000006,-0.5604018792721095,0.8550000000000006,3.779372817183365,0.8550000000000006,2.236727009855975e-15,0.8550000000000006,-2.672286884960842e-16,0.8550000000000006,-1.226318093110277e-15,0.8550000000000006,-3.515372687319293e-15,0.8550000000000006,0.001375367683781275,0.8550000000000006,-0.0001867617804015951,0.8550000000000006,0.0007058424004098287
0.8600000000000007,-0.2234091693601222,0.8600000000000007,-0.5604155860012432,0.8600000000000007,3.707725649165198,0.8600000000000007,2.272291656001994e-15,0.8600000000000007,-2.676080756120681e-16,0.8600000000000007,-1.232778718747357e-15,0.8600000000000007,-3.517051817917026e-15,0.8600000000000007,0.001406002493205417,0.8600000000000007,-0.0001901073859032814,0.8600000000000007,0.0007048660351001508
0.8650000000000007,-0.2261460498353401,0.8650000000000007,-0.5604292589644222,0.8650000000000007,3.638060433393806,0.8650000000000007,2.308501791097395e-15,0.8650000000000007,-2.67964582861964e-16,0.8650000000000007,-1.239373566737988e-15,0.8650000000000007,-3.518413609178179e-15,0.8650000000000007,0.001436655088147224,0.8650000000000007,-0.0001934447367800479,0.8650000000000007,0.0007037636472381161
0.8700000000000007,-0.2288827054206939,0.8700000000000007,-0.5604428958353125,0.8700000000000007,3.570308602185516,0.8700000000000007,2.345344219624677e-15,0.8700000000000007,-2.682992508250983e-16,0.8700000000000007,-1.246099726014856e-15,0.8700000000000007,-3.519467348788284e-15,0.8700000000000007,0.001467316744681203,0.8700000000000007,-0.0001967732653046375,0.8700000000000007,0.0007025412861271733
0.8750000000000007,-0.2316190266815174,0.8750000000000007,-0.5604564944120408,0.8750000000000007,3.504404187215349,0.8750000000000007,2.382804587727334e-15,0.8750000000000007,-2.686130938580674e-16,0.8750000000000007,-1.252954076422119e-15,0.8750000000000007,-3.520222235249606e-15,0.8750000000000007,0.001497979127665859,0.8750000000000007,-0.0002000924341367801,0.8750000000000007,0.0007012047683685105
0.8800000000000007,-0.234354911157876,0.8800000000000007,-0.5604700526121105,0.8800000000000007,3.440283729165305,0.8800000000000007,2.420867413801246e-15,0.8800000000000007,-2.689071001564733e-16,0.8800000000000007,-1.259933294314467e-15,0.8800000000000007,-3.520687380810634e-15,0.8800000000000007,0.001528634278758152,0.8800000000000007,-0.0002034017350817903,0.8800000000000007,0.0006997596840549523
0.8850000000000007,-0.2370902630378764,0.8850000000000007,-0.5604835684674665,0.8850000000000007,3.377886188474454,0.8850000000000007,2.459516124747247e-15,0.8850000000000007,-2.691822318182781e-16,0.8850000000000007,-1.267033859227125e-15,0.8850000000000007,-3.520871813786104e-15,0.8850000000000007,0.001559274604318668,0.8850000000000007,-0.000206700687885923,0.8850000000000007,0.0006982114031467633
0.8900000000000007,-0.2398249928464261,0.8900000000000007,-0.5604970401197215,0.8900000000000007,3.317152857513012,0.8900000000000007,2.498733097683083e-15,0.8900000000000007,-2.694394249081701e-16,0.8900000000000007,-1.274252061580868e-15,0.8900000000000007,-3.520784480231653e-15,0.8900000000000007,0.001589892863282345,0.8900000000000007,-0.0002099888390690699,0.8900000000000007,0.0006965650819722557
0.8950000000000007,-0.2425590171486016,0.8950000000000007,-0.5605104658155209,0.8950000000000007,3.258027274443334,0.8950000000000007,2.538499706859642e-15,0.8950000000000007,-2.69679589523064e-16,0.8950000000000007,-1.281584011375563e-15,0.8950000000000007,-3.520434244950763e-15,0.8950000000000007,0.001620482155059344,0.8950000000000007,-0.0002132657607950996,0.8950000000000007,0.0006948256698035756
0.9000000000000007,-0.2452922582668305,0.9000000000000007,-0.5605238439020814,0.9000000000000007,3.200455138978833,0.9000000000000007,2.578796375476053e-15,0.9000000000000007,-2.699036098594929e-16,0.9000000000000007,-1.289025647815934e-15,0.9000000000000007,-3.519829891824702e-15,0.9000000000000007,0.001651035907521659,0.9000000000000007,-0.0002165310497799219,0.9000000000000007,0.0006929979154647254
0.9050000000000007,-0.2480246440111635,0.9050000000000007,-0.5605371728228642,0.9050000000000007,3.144384230207549,0.9050000000000007,2.619602632041322e-15,0.9050000000000007,-2.70112344284163e-16,0.9050000000000007,-1.296572749803973e-15,0.9050000000000007,-3.518980123468355e-15,0.9050000000000007,0.00168154786512263,0.9050000000000007,-0.0002197843262371331,0.9050000000000007,0.0006910863739348704
0.9100000000000007,-0.2507561074219509,0.9100000000000007,-0.5605504511134159,0.9100000000000007,3.089764326608076,0.9100000000000007,2.660897170888011e-15,0.9100000000000007,-2.703066254093692e-16,0.9100000000000007,-1.304220947224137e-15,0.9100000000000007,-3.517893560226192e-15,0.9100000000000007,0.001712012077189341,0.9100000000000007,-0.0002230252328609477,0.9100000000000007,0.0006890954129152922
0.9150000000000007,-0.2534865865242881,0.9150000000000007,-0.5605636773973516,0.9150000000000007,3.036547128352682,0.9150000000000007,2.702657916405957e-15,0.9150000000000007,-2.704872601752864e-16,0.9150000000000007,-1.311965732940105e-15,0.9150000000000007,-3.516578738532964e-15,0.9150000000000007,0.001742422886421168,0.9150000000000007,-0.0002262534338459623,0.9150000000000007,0.0006870292193331069
0.9200000000000007,-0.2562160240936383,0.9200000000000007,-0.5605768503824903,0.9200000000000007,2.984686181963691,0.9200000000000007,2.744862090532517e-15,0.9200000000000007,-2.7065502994138e-16,0.9200000000000007,-1.319802475415614e-15,0.9200000000000007,-3.515044108673096e-15,0.9200000000000007,0.001772774917621999,0.9200000000000007,-0.0002294686139431853,0.9200000000000007,0.0006848918057590514
0.9250000000000007,-0.2589443674320704,0.9250000000000007,-0.5605899688571347,0.9250000000000007,2.93413680736522,0.9250000000000007,2.787486283009843e-15,0.9250000000000007,-2.708106905893048e-16,0.9250000000000007,-1.327726431866773e-15,0.9250000000000007,-3.513298031980876e-15,0.9250000000000007,0.001803063066688385,0.9250000000000007,-0.0002326704775516582,0.9250000000000007,0.0006826870167203933
0.9300000000000007,-0.2616715681545965,0.9300000000000007,-0.5606030316864942,0.9300000000000007,2.884856027351358,0.9300000000000007,2.830506523900603e-15,0.9300000000000007,-2.709549726397176e-16,0.9300000000000007,-1.335732761849434e-15,0.9300000000000007,-3.511348777530685e-15,0.9300000000000007,0.001833282489871387,0.9300000000000007,-0.0002358587478449175,0.9300000000000007,0.000680418534893271
0.9350000000000007,-0.2643975819851143,0.9350000000000007,-0.5606160378092437,0.9350000000000007,2.836802499474734,0.9350000000000007,2.873898357840487e-15,0.9350000000000007,-2.710885813853964e-16,0.9350000000000007,-1.343816541182547e-15,0.9350000000000007,-3.509204518372276e-15,0.9350000000000007,0.001863428593325837,0.9350000000000007,-0.0002390331659314787,0.9350000000000007,0.0006780898871617095
0.9400000000000007,-0.2671223685614935,0.9400000000000007,-0.5606289862342267,0.9400000000000007,2.789936450344472,0.9400000000000007,2.917636919499674e-15,0.9400000000000007,-2.71212197042961e-16,0.9400000000000007,-1.351972776107132e-15,0.9400000000000007,-3.50687332737086e-15,0.9400000000000007,0.001893497022957257,0.9400000000000007,-0.0002421934900484713,0.9400000000000007,0.0006757044505330535
0.9450000000000007,-0.2698458912493734,0.9450000000000007,-0.5606418760372808,0.9450000000000007,2.74421961231058,0.9450000000000007,2.961697009725578e-15,0.9450000000000007,-2.713264749253272e-16,0.9450000000000007,-1.360196417580396e-15,0.9450000000000007,-3.504363172715172e-15,0.9450000000000007,0.001923483654573539,0.9450000000000007,-0.0002453394947875141,0.9450000000000007,0.0006732654579018378
0.9500000000000007,-0.2725681169642614,0.9500000000000007,-0.5606547063581985,0.9500000000000007,2.699615162501436,0.9500000000000007,3.00605317184582e-15,0.9500000000000007,-2.714320456368223e-16,0.9500000000000007,-1.368482375605715e-15,0.9500000000000007,-3.501681913159017e-15,0.9500000000000007,0.001953384584345978,0.9500000000000007,-0.0002484709703518933,0.9500000000000007,0.0006707760036560244
0.9550000000000007,-0.2752890160015434,0.9550000000000007,-0.5606674763978048,0.9550000000000007,2.656087664172969,0.9550000000000007,3.050679767622791e-15,0.9550000000000007,-2.715295152926251e-16,0.9550000000000007,-1.376825533501459e-15,0.9550000000000007,-3.498837293062942e-15,0.9550000000000007,0.001983196119581802,0.9550000000000007,-0.0002515877218440832,0.9550000000000007,0.0006682390491212448
0.9600000000000007,-0.2780085618740416,0.9600000000000007,-0.5606801854151657,0.9600000000000007,2.613603010321259,0.9600000000000007,3.095551052369546e-15,0.9600000000000007,-2.716194657639114e-16,0.9600000000000007,-1.385220762015092e-15,0.9600000000000007,-3.495836937302877e-15,0.9600000000000007,0.002012914769808544,0.9600000000000007,-0.000254689568582644,0.9600000000000007,0.0006656574278401588
0.9650000000000007,-0.280726731156773,0.9650000000000007,-0.5606928327249026,0.9650000000000007,2.572128369505133,0.9650000000000007,3.140641248759744e-15,0.9650000000000007,-2.717024549497705e-16,0.9650000000000007,-1.393662933193315e-15,0.9650000000000007,-3.492688346111581e-15,0.9650000000000007,0.002042537238168761,0.9650000000000007,-0.0002577763434475147,0.9650000000000007,0.0006630338506852921
0.9700000000000008,-0.2834435033385793,0.9700000000000008,-0.5607054176946223,0.9700000000000008,2.531632133821053,0.9700000000000008,3.185924618892597e-15,0.9700000000000008,-2.717790170766252e-16,0.9700000000000008,-1.402146933924342e-15,0.9700000000000008,-3.489398889917041e-15,0.9700000000000008,0.002072060413122353,0.9700000000000008,-0.0002608478922527386,0.9700000000000008,0.0006603709108048341
0.9750000000000008,-0.2861588606803132,0.9750000000000008,-0.560717939742463,0.9750000000000008,2.492083868969603,0.9750000000000008,3.231375534205175e-15,0.9750000000000008,-2.718496630255549e-16,0.9750000000000008,-1.410667679074389e-15,0.9750000000000008,-3.485975804239317e-15,0.9750000000000008,0.002101481360452382,0.9750000000000008,-0.0002639040731456419,0.9750000000000008,0.0006576710884017753
0.9800000000000008,-0.288872788079295,0.9800000000000008,-0.5607303983347302,0.9800000000000008,2.453454266350497,0.9800000000000008,3.276968542859889e-15,0.9800000000000008,-2.719148806875814e-16,0.9800000000000008,-1.419220124147165e-15,0.9800000000000008,-3.48242618470396e-15,0.9800000000000008,0.002130797315569464,0.9800000000000008,-0.0002669447560315195,0.9800000000000008,0.0006549367553475825
0.9850000000000008,-0.2915852729397455,0.9850000000000008,-0.5607427929836439,0.9850000000000008,2.415715097121671,0.9850000000000008,3.322678434272337e-15,0.9850000000000008,-2.719751353466422e-16,0.9850000000000008,-1.427799277402304e-15,0.9850000000000008,-3.478756982226288e-15,0.9850000000000008,0.002160005676108833,0.9850000000000008,-0.0002699698220228786,0.9850000000000008,0.0006521701796322659
0.9900000000000008,-0.2942963050489369,0.9900000000000008,-0.5607551232451824,0.9900000000000008,2.378839168156997,0.9900000000000008,3.368480300484602e-15,0.9900000000000008,-2.720308700896679e-16,0.9900000000000008,-1.436400211376259e-15,0.9900000000000008,-3.474974998416224e-15,0.9900000000000008,0.002189103994813675,0.9900000000000008,-0.0002729791629123183,0.9900000000000008,0.0006493735296532506
0.9950000000000008,-0.2970058764588021,0.9950000000000008,-0.5607673887170126,0.9950000000000008,2.342800279836987,0.9950000000000008,3.414349594129744e-15,0.9950000000000008,-2.720825062428673e-16,0.9950000000000008,-1.445018073756951e-15,0.9950000000000008,-3.471086881248675e-15,0.9950000000000008,0.002218089972697645,0.9950000000000008,-0.0002759726806681329,0.9950000000000008,0.0006465488783459391
1,-0.2997139813727639,1,-0.5607795890365167,1,2.30757318560676,1,3.460262182774829e-15,1,-2.721304438330623e-16,1,-1.453648097571396e-15,1,-3.467099121039229e-15,1,0.002246961452479223,1,-0.0002789502869517584,1,0.0006436982071592073
